left_title,left_category,left_brand,left_modelno,left_price,right_title,right_category,right_brand,right_modelno,right_price,label,match_probability,action
ihome app-friendly rechargeable speaker system for ipad iphone ipod,electronics - general,ihome,id9s,99.99,ihome id8g ipad tm iphone r ipod r app-friendly rechargeable speaker system,storage presentation materials,ihome,,,0,0.6538,flag-review
avery file folder labels on mini-sheets 3-7 16 x 2 3 300 pack,stationery & office machinery,avery,2180,9.21,avery 2180 - file folder labels on mini-sheets 2 3 x 3-7 16 assorted 300 pack,,avery,,,1,0.6538,flag-review
trodat trodat econ micro 5-in-1 message stamp dater self-inking 1 x 3 4 blue red,stationery & office machinery,,t4850l,14.47,trodat e4850l - trodat econ micro 5-in-1 message stamp dater self-inking 1 x 3 4 blue red,laminating supplies,trodat,,,1,0.6538,flag-review
ocz technology vertex 2 60gb 2.5 sata ii solid state drive,hard drives,ocz technologies,oczssd22vtxe60g,119.98,ocz technology 60 gb vertex 2 series sata ii 2.5-inch solid state drive ssd oczssd22vtxe60g,camcorders,ocz,oczssd2-2vtxe60g,94.99,1,0.6538,flag-review
middle atlantic 30 amp stand-alone mpr module,tv accessories,middle atlantic,rlm30-l520-1,237.99,30 amp stand-alone mpr module,home audio theater,middle atlantic,,237.99,1,0.6538,flag-review
rolodex wood tone desk pad mahogany 24 x 19,stationery & office machinery,rolodex,23390,37.94,rolodex 23390 - wood tone desk pad mahogany 24 x 19,blank media,rolodex,,34.65,1,0.6538,flag-review
tp-link tl-ant2405cl 2.4 ghz 5dbi indoor omni-directional antenna,networking,tp link,tl-ant2405cl,8.88,tp-link tl-ant2405c 2.4 ghz 5dbi indoor desktop omni-directional antenna,networking products,tp-link,tl-ant2405c,4.49,1,0.6538,flag-review
audiosource bi5 5 in-wall construction bracket mount,furniture,audiosource,bi5,25.88,audiosource bi5 5.25 in-wall construction bracket mount,printers,grade-a,,,0,0.6538,flag-review
q-see qsbncomp10 antenna connector,garden - general,q-see,qsbncomp10,15.72,q-see qsbncomp10 antenna connector,audio cables,digital peripheral solutions,,19.45,1,0.6538,flag-review
chicago cubs pink iphone 4 hard case,electronics - general,tribeca,fva4424,29.99,chicago white sox pink iphone 4 hard case,computers accessories,tribeca,,23.99,0,0.6538,flag-review
plantronics gamecom 367 closed-ear gaming headset,electronics - general,plantronics,gamecom 367,24.84,plantronics gamecom 367 closed-ear gaming headset,accessories supplies,plantronics,gamecom367,24.84,1,0.6538,flag-review
apple ipad 10w usb power adapter,mp3,apple,mc359ll/a,29.0,apple ipad 10w usb power adapter mc359ll a,chargers adapters,apple,ipad 10w usb power adapter,24.76,1,0.6538,flag-review
quartet total erase 3-month modular planning system aluminum frame 36,stationery & office machinery,quartet,cmp32,129.94,new-quartet cmp32 - total erase 3-month modular planning system 36 x 24 aluminum frame - qrtcmp32,laminating supplies,quartet,,170.0,1,0.6538,flag-review
case logic high zoom camera case,mp3 accessories,case logic,152256,17.59,case logic dcb-304 high fixed zoom camera case black,cases bags,case logic,dcb-304,12.4,1,0.6538,flag-review
paper mate mechanical pencil starter set,stationery & office machinery,paper mate,1739312,4.87,paper mate 1739312 - megalead mechanical pencil starter set 0.7 mm 2 erasure refills blue barrel,printer accessories,paper mate,,23.96,1,0.6538,flag-review
sentry headart extreme folding headphones black,mp3 accessories,sentry,sentry dj style bk,12.98,sentry headart extreme folding headphones blue,headphones,sentry,,15.99,0,0.6538,flag-review
mayline brighton series suspended box file pedestal cherry,storage,mayline,btbf20lcr,229.0,new-mayline btbf20lcr - brighton series suspended box file pedestal 15w x 19d x 20h cherry - mlnbtbf20lcr,laminating supplies,mayline,,289.0,1,0.6538,flag-review
diaper dude eco green ipad case,electronics - general,diaper dude,207491,25.0,diaper dude eco green ipad case digi-ipadpet10,laptop netbook computer accessories,diaper dude,digi-ipadpet10,25.0,1,0.6538,flag-review
roocase executive portfolio leather case stylus for asus eee pad transformer tf101 10.1-inch,electronics - general,roocase,222057,55.99,roocase executive portfolio magenta leather case cover with landscape portrait view for asus eee pad transformer 10.1-inch tf101 android tablet wi-fi,cases sleeves,roocase,,43.64,1,0.6538,flag-review
avery postage meter labels for personal post office e700 1-3 16 x 6 white 60 pack,stationery & office machinery,avery,5289,9.54,postage meter labels for personal post office e700,printer accessories,avery,,,1,0.6538,flag-review
samsung s2 640gb usb 3.0 portable external hard drive red,hard drives,samsung,hx-mta64da / g42,78.88,samsung s2 portable hard drive 640 gb usb 3.0 external hard drive hx-mta64da g32 snow white,external hard drives,samsung,hx-mta64da / g32,84.99,0,0.6538,flag-review
microsoft comfort optical mouse 3000 silver blue,mice,microsoft,d1t00011,19.95,comfort opt mse3000 silver blu,computers accessories,microsoft,d1t-00011,11.99,1,0.6538,flag-review
gpx iphone travel speaker,portable audio,gpx,sp300b,23.88,gpx sp300b iphone travel speaker,computers accessories,gpx,,,1,0.6538,flag-review
brother tn110bk black toner cartridge,printers,brother,tn110bk,49.88,brother tn110bk black toner cartridge compatible with hl-4040cn hl-4070cdw series,laser printer toner,brother,tn-110bk,37.99,1,0.6538,flag-review
guardian ecoguard indoor rubber wiper mats 36 x 60 charcoal,rugs,guardian,eg030504,55.97,guardian eg030504 - ecoguard indoor wiper mats rubber 36 x 60 charcoal,storage presentation materials,guardian,,,1,0.6538,flag-review
case logic 48 capacity heavy duty cd wallet,electronics - general,case logic,56352,15.99,case logic cde-72 72 capacity heavy duty cd wallet blue,disc storage wallets,case logic,cde-72blue,14.71,0,0.6538,flag-review
startech 1 hdmi to hdmi digital video cable,electronics - general,startech,hdmimm1,10.73,startech.com hdmimm15 15 feet hdmi to hdmi digital video cable,hdmi cables,startech,hdmimm15,5.68,0,0.6538,flag-review
motorola h17 bluetooth headset,electronics - general,motorola,89334m,38.84,motorola oasis bluetooth headset - at t,accessories supplies,motorola,,52.27,0,0.6538,flag-review
marware eco-vue for ipad,mp3 accessories,,602956006572,54.99,marware eco-vue for ipad,cases sleeves,marware,602956006572,11.99,1,0.6538,flag-review
wilson jones wallet file letter recycled kraft,stationery & office machinery,wilson jones,,6.09,wilson jones wcc7204rk - wallet file letter recycled kraft,,wilson jones,,,1,0.6538,flag-review
scosche 1993-up select subaru power 4-speaker connector,car stereos,scosche,su03b,9.88,scosche su03rb 1993-up select subaru power 4-speaker connector,speaker connectors,scosche,su03rb,15.18,0,0.6538,flag-review
paper mate mechanical pencil starter set,stationery & office machinery,paper mate,1739312,4.87,paper mate 1739311 - megalead mechanical pencil starter set 0.5 mm 2 erasure refills red barrel,printer accessories,paper mate,,23.96,0,0.6538,flag-review
buffalo technology 2tb usb 3.0 drivestation duo,hard drives,buffalo technology,hdwl2tu3r1,239.82,buffalo technology drivestation duo 2 tb 2 x 1 tb usb 3.0 external raid hard drive array hd-wl2tu3r1 black,computers accessories,buffalo technology,hd-wl2tu3r1,249.68,1,0.6538,flag-review
buffalo technology linkstation duo 1 tb 2 x 500 gb network attached storage ls-wx1 .0 tl r1,networking,buffalo technology,lswx10tlr1,192.63,buffalo technology linkstation duo 1 tb 2 x 500 gb network attached storage ls-wx1 .0 tl r1,network attached storage,buffalo technology,ls-wx1 .0 tl/r1,179.99,1,0.6538,flag-review
bond street ltd. 5 attach case aluminum 18 x 5 x 13-1 2 black silver,electronics - general,bond street ltd.,bnd416020sil,91.49,bond street ltd. 416020sil - 5 attach case aluminum 18 x 5 x 13-1 2 black silver,computer accessories,bond street,,,1,0.6538,flag-review
cobra mobile cb radio with nightwatch illuminated display and swr antenna calibration,automotive - general,cobra,29-wxnwst,150.0,cobra 29wxnwst nightwatch 40 channel cb radio,cb radios,cobra,29 wx nw st,132.28,1,0.6538,flag-review
ampad envirotec 100 recycled file folders 1 3 cut top tab letter brown 100pk,stationery & office machinery,,35113,12.94,new-ampad 35113 - envirotec recycled file folders 1 3 cut top tab letter brown 100 box - amp35113,laminating supplies,ampad,,30.0,1,0.6538,flag-review
audiosource bi8 8 in-wall construction bracket mount,furniture,audiosource,bi8,25.88,audiosource bi5 5.25 in-wall construction bracket mount,home audio theater,sharp,,32.0,0,0.6134,flag-review
platt heavy-duty polyethylene case with wheels and telescoping handle in gray 15 x 23 x 10,electronics - general,platt,231510ahg,317.99,221609h platt heavy-duty polyethylene case with wheels and telescoping handle,media storage organization,platt,,270.9,0,0.4516,flag-review
tops daily attendance card 8-1 2 x 11 50 forms,stationery & office machinery,,3284,8.86,new-tops 3284 - daily attendance card 8-1 2 x 11 50 forms - top3284,laminating supplies,tops,,,1,0.4516,flag-review
netgear wn511 rangemax next wireless-n pc-card notebook adapter,networking,netgear,wn511b100nas,58.88,netgear wn511b rangemax wireless-n notebook adapter,chargers adapters,netgear,wn511b-100nas,11.99,1,0.4516,flag-review
energizer er-p240 cordless phone battery,computers,energizer,,11.88,energizer er-p290 2.4-volt cordless phone battery,batteries,energizer,er-p290,7.32,0,0.4516,flag-review
comprehensive f plug to bnc plug set of 25,tv accessories,comprehensive,fp-bp,59.75,comprehensive bj-up bnc jack to uhf plug set of 25,,comprehensive,,,0,0.4516,flag-review
new york mets ipod touch 4g hard case,electronics - general,tribeca,fva4459,29.99,new york jets ipod touch 4g hard case,computers accessories,tribeca,,,0,0.4516,flag-review
wilson jones super heavy weight sheet protector,stationery & office machinery,wilson jones,21402,10.94,new-wilson jones 21400 - super heavy weight sheet protector clear 50 box - wlj21400,storage presentation materials,wilson jones,,28.0,0,0.4516,flag-review
storm 2306 case with foam olive drab,photography - general,storm,im2306-30002,132.0,storm im2306-30001 2306 case with foam olive drab cases outdoor products,printer ink toner,storm,,103.99,0,0.4516,flag-review
canon cli-226 black ink tank,printers,canon,,0.0,canon cli-221 ink tank black,inkjet printer ink,canon,2946b001,12.11,0,0.4516,flag-review
sony ss-cr3000 home theater speaker completer package,stereos/audio,sony,ss-cr3000,99.99,sony ss-cr3000 center and rear channel speaker package,speakers,sony,sscr3000,69.98,1,0.4516,flag-review
case logic medium slr camera bag,photography - general,case logic,133827,47.99,case logic slrc-202 medium slr camera bag black,cases bags,case logic,slrc-202black,37.95,1,0.4516,flag-review
bic brite liner highlighter chisel tip pink 1-dozen,stationery & office machinery,bic,bl11-pnk,5.88,bic bl11pk - brite liner highlighter chisel tip fluorescent pink ink 12 per pack,storage presentation materials,bic,,24.95,0,0.4516,flag-review
pendaflex 2 reinforced hanging file folder standard green 25 box,stationery & office machinery,,4152x2,24.94,pendaflex rcy415215sgr - reinforced hanging file folders kraft letter standard green 25 box,printers,pendaflex,,,0,0.4516,flag-review
trendnet usb to serial converter,computers,trendnet,tus9,15.27,trendnet usb to serial converter tu-s9 blue,usb cables,trendnet,tu-s9,11.11,1,0.4516,flag-review
tops second nature subject wire notebook college rule 6 x 9-1 2 we 80 sheets,stationery & office machinery,tops business forms,74109,5.54,tops 74111 - second nature subject wirebound notebook college rule ltr we 80 sheets,printers,tops,,24.3,0,0.4516,flag-review
xantech 282d designer emitter single,stereos/audio,xantech,282d,15.88,xantech 283dmw designer blink emitter single mini wire,amplifier installation,xantech,,13.0,0,0.4516,flag-review
pinnacle studio hd v15 ultimate collection pc,software,avid technology,,119.0,pinnacle studio ultimate collection v. 15,computers accessories,avid,82103002401,99.99,1,0.4516,flag-review
optoma bl-fp230c replacement projector lamp for optoma ep749 projector,monitors,optoma,bl-fp230c,294.84,electrified bl-fp230c sp .85 r01gc01 replacement lamp with housing for optoma projectors,,electrified,bl-fp230c,134.44,1,0.4516,flag-review
advantus premier heavy-duty retractable id card reel 24 extension black chrome 12 box,accessories apparel,,75406,60.94,new-advantus 75406 - premier heavy-duty retractable id card reel 24 extension black chrome 12 box - avt75406,label makers,advantus,,77.0,1,0.4516,flag-review
samsung ht-d5300 3d wi-fi ready home theater system,home theater,samsung,ht-d5300,298.0,samsung electronics ht-d5300 home theater system,dvd home theater,samsung,htd5300,,1,0.4516,flag-review
green onions supply 10.1 anti-glare screen protector,electronics - general,green onions supply,rt-spfg101w / m,22.88,green onions supply rt-spf1017w m anti-glare screen protector for 17-inch wide laptop lcd screen -1 piece transparent,bags cases,green,rt-spf1017w / m,29.54,0,0.4516,flag-review
manfrotto unica v dslr messenger bag,photography - general,manfrotto,mb-sm390-5bc,89.99,manfrotto mb sm390-5bb unica v messenger bag black,cases bags,manfrotto,mb sm390-5bb,89.89,0,0.4516,flag-review
bushnell backtrack personal locator tech gray,handheld gps,bushnell,,49.99,bushnell backtrack point-3 personal gps locator gray,sports outdoor gps,bushnell,360100,48.95,0,0.4516,flag-review
kodak m552 dark pink 14mp digital camera bundle w 5x optical zoom 2.7 lcd display w 50 bonus prints,digital cameras,kodak,m552 pink bndl,109.0,kodak easyshare m552 14mp digital camera with 5x optical zoom and 2.7-inch lcd in dark pink 4gb accessory kit,point shoot digital cameras,kodak,m552,119.95,0,0.4516,flag-review
canon cli-221 magenta ink cartridge 2948b001,printers,canon,cli221mag,16.84,premium compatible canon cli-221 magenta ink cartridge canon 2948b001,inkjet printer ink,compatible,,3.7,0,0.4516,flag-review
htc sensation 4g,prepaid wireless phones,generic,610214626400,0.0,htc sensation 4g android phone t-mobile,phones with plans,htc,sensation,,1,0.4516,flag-review
jaton geforce 6200 256mb video card,computers,jaton,video-338pci-lp,97.82,jaton nvidia geforce 6200 256mb ddr pci low profile support dual vga video card,computers accessories,jaton,video-338pci-lx,69.99,0,0.4516,flag-review
filemate imagine series k2010 usb standard keyboard,computers,,,15.12,wintec filemate imagine series k2010 usb standard keyboard - light green 3fmnk2010ugn-r,keyboards,wintec,3fmnk2010ugn-r,15.99,0,0.4516,flag-review
balt wheasel easel adjustable melamine dry erase board white,stationery & office machinery,balt,33250,239.88,balt inc. wheasel easel adjustable melamine dry erase board 28 3 4 x 59 1 2 white,laminating supplies,mayline,,134.45,1,0.4516,flag-review
birdhouse tony hawk 2gb ptero skatedrive usb flash drive,usb drives,ep memory,bh-skthpt/2g,9.84,birdhouse tony hawk 16gb ptero skatedrive usb flash drive,usb flash drives,action,,,0,0.4516,flag-review
penpower chinese expert,electronics - general,penpower,swlea0010,104.88,penpower chinese expert pen scanner edition,scanner accessories,penpower,penpower chinese expert,210.39,0,0.4516,flag-review
cooler master vortex plus cpu cooler,electronics - general,coolermaster,rrvtps28pkr1,30.0,cooler master vortex plus cpu cooler rr-vtps-28pk-r1,computers accessories,cooler master,rr-vtps-28pk-r1,25.15,1,0.4516,flag-review
cooler master atx centurion 534 tower black,electronics - general,coolermaster,centurion534bk,56.25,cooler master centurion 534 plus atx mid tower case with 460w power supply black - rc-534-kkrb-gp,computer cases,cooler master,rc-534-kkrb-gp,76.99,0,0.4286,flag-review
hp laserjet 53x black print cartridge,printers,hp,q7553x,164.84,hp laserjet 53x black dual pack 53x cartridge in retail packaging q7553xd,laser printer toner,hp,q7553xd,,0,0.4286,flag-review
visual land v-motion pro 4gb mp3 player,mp3,visual land,me9644gbblk,39.88,visual land v-motion pro 4 gb video music 2.4-inch mp3 player with camera black,mp3 players,visual land,me-964-4gb-blk,34.74,1,0.4286,flag-review
acme smart 15 laptop sleeve wet black antik,electronics - general,acme,am00778-ceu,29.88,acme made smart laptop sleeve mb pro 15 wet black antik,bags cases,acme made,am00777-ceu,19.95,0,0.4286,flag-review
ocz technology 110gb revodrive pci express solid state drive,hard drives,ocz technologies,oczssdpx1rvd110,429.99,ocz technology revodrive 230 gb pci express 4 gb-s slim solid state drive oczssdpx-1rvd0230,computer components,ocz,oczssdpx-1rvd0230,429.99,0,0.4286,flag-review
apple ipad 10w usb power adapter,mp3,apple,mc359ll/a,29.0,official apple ipad 10w usb power charger adapter,computers accessories,apple,a1377,19.99,0,0.4286,flag-review
canon mp41dhii printing calculator,stationery & office machinery,canon,mp41dhii,70.88,canon mp41dhii two-color gloviewtm printing calculator calculator mp41dhii print pack of2,printing,can-c,,168.43,0,0.4286,flag-review
sharp el1192bl printing calculator,stationery & office machinery,sharp,el1192bl,37.63,sharp el1192bl two-color printing calculator calculator prting desktop pack of2,printing,sharp,,95.66,1,0.4286,flag-review
innovera 7653 compatible ink 8000 page-yield red,printers,innovera,7653,54.1,innovera 7970 compatible ink 800 page-yield red,inkjet printer ink,innovera,,19.7,0,0.4286,flag-review
semi hard case set for ipad 2 white,mp3 accessories,simplism,tr-shcsipd2-wt / en,29.99,simplism japan semi hard case set for ipad 2 - green tr-shcsipd2-sg en,cases sleeves,simplism japan,tr-shcsipd2-sg / en,29.99,0,0.4286,flag-review
mohawk color copy gloss paper ream of 500 sheets,stationery & office machinery,mohawk,36101,12.94,mohawk 36101 - color copy gloss paper 96 brightness 32lb 8-1 2 x 11 white 500 sheets ream,projection screens,mohawk,,,1,0.4286,flag-review
wintec filemate 2pack 4gb micro sdhc memory card with sd adapter value bundle,camera and camcorder accessories,,,12.0,v7 4gb micro sd memory card with sd adapter,blank media,v7,vamsdh4gcl2r-1n,8.0,0,0.4286,flag-review
s j paper file jackets with 1 1 2 expansion letter 11 pt . manila 50 ctn,stationery & office machinery,s j paper,,45.69,universal 76300 - economical file jackets with two inch expansion letter 11 point manila 50 box,,universal,,52.0,0,0.4286,flag-review
rca cassette adapter,mp3 accessories,rca,ah760r,12.88,rca vca115 vhs-c cassette adapter,blank media,rca,vca115,,0,0.4286,flag-review
motorola h17 bluetooth headset,electronics - general,motorola,89334m,38.84,motorola hk200 bluetooth headset black in sealed retail package .,bluetooth headsets,motorola,,25.5,0,0.4286,flag-review
rubbermaid techfile plastic magazine file black,storage,rubbermaid,40406ros,5.88,rubbermaid 40406ros - techfile plastic magazine file 3 x 9 5 8 x 11 5 8 black,printers,rubbermaid,,,1,0.4286,flag-review
hp 75 tri-color inkjet cartridge cb337wn,printers,hp,hp cb337wn140,19.47,hp 75 tri-color inkjet print cartridge cb337wn,inkjet printer ink,hp,cb337wn # 140,,1,0.4286,flag-review
magna visual magnetic adhesive tape,stationery & office machinery,,p240p,51.95,magna visual p2207 - magnetic adhesive tape 1 2 x 7 ft roll,storage presentation materials,magna visual,,,0,0.4286,flag-review
da-lite matte white model c with csr manual screen - 50 x 67 video format,electronics - general,da-lite,91841,397.99,da-lite model c with csr - projection screen - 1 1 - silver matte,,da-lite,with csr,401.95,0,0.4286,flag-review
accell proultra 4m hdmi ethernet cable,tv accessories,accell,b116c-013b-40,29.88,accell proultra supreme b116c-016b-40 high speed hdmi cable with ethernet 5m,hdmi cables,accell,b116c-016b-40,29.88,0,0.4286,flag-review
bushnell backtrack personal locator tech gray,handheld gps,bushnell,,49.99,bushnell 360053 gps backtrack personal locator tech gray kit with case and 4 aaa batteries,binoculars,bushnell,360053,59.99,0,0.4286,flag-review
avery self-adhesive filing labels 1 3 cut 3-7 16 x 2 3 clear 450 pack,stationery & office machinery,avery,5029,21.47,new-avery 5029 - self-adhesive filing labels 1 3 cut 2 3 x 3-7 16 clear 450 pack - ave5029,other office equipment,avery,,35.0,1,0.4286,flag-review
aleratec inc cd dvd shredder,stationery & office machinery,aleratec,,61.88,aleratec dvd cd shredder xc 240145 black,shredders,aleratec,240145,68.78,1,0.4286,flag-review
3m dry-erase board porcelain 8 x4 aluminum frame,stationery & office machinery,3m,,707.59,3m m9648a - melamine dry erase board 96 x 48 aluminum frame,office furniture lighting,3m,,398.0,0,0.3125,flag-review
sony rf wireless headphones mdrrf925rk,electronics - general,sony,mdrrf925rk,53.0,wireless headphones,headphones,tvtimedirect,,23.1,0,0.3125,flag-review
antec 650w earthwatts ea-650 green psu,electronics - general,antec,ea650green,90.92,antec ea-650 green atx energy star certified power supply green,power supplies,antec,ea-650 green,69.99,1,0.3125,flag-review
case logic 16 laptop backpack,electronics - general,case logic,154710,39.99,case logic dlbp-114 14-inch laptop backpack dark gray,bags cases,case logic,dlbp-114dark gray,39.99,0,0.3125,flag-review
stanley bostitch 00540 antijam extra heavy-duty stapler 215-sheet capacity black,stationery & office machinery,stanley bostitch,540,65.0,stanley bostitch 02210 - electric stapler with anti-jam mechanism 20-sheet capacity black,pda handheld accessories,stanley,,50.27,0,0.3125,flag-review
imation 26607 rdx cartridge hard drive,hard drives,imation,26607,117.84,160gb cartridge for rdx govt series taa,,imation,26718,156.83,1,0.3125,flag-review
v7 8gb sd card secure digital high capacity 8 gb memory card,usb drives,v7,vasdh8gcl4r-1n,10.26,v7 8gb sd card class 6 high capacity sdhc 8 gb,blank media,v7,vasdh8gcl6r-1n,14.84,0,0.3125,flag-review
gear head 2.4 ghz wireless optical nano mouse black,mice,gear head,mp2800blk,15.82,gear head 2.4 ghz wireless optical nano mouse - blue black usb mp2650blu-cp10,mice,gear head,mp2650blu-cp10,18.76,0,0.3125,flag-review
verbatim store n go superspeed usb 3.0 portable hard drive 500gb,hard drives,verbatim,97397,69.98,verbatim 97397 store n go super speed usb 3.0 portable hard drive 500gb,printers,verbatim,,116.2,1,0.3125,flag-review
chicago bears ipod touch 4g hard case,electronics - general,tribeca,fva4587,29.99,cincinnati bengals ipod touch 4g hard case,computers accessories,tribeca,,29.99,0,0.3125,flag-review
lexmark 1382920 toner 3000 page-yield black,stationery & office machinery,lexmark,1382920,270.9,lexmark 08a0476 - 08a0476 toner 3000 page-yield black,computers accessories,lexmark,,,0,0.3125,flag-review
koss earbud stereophone,electronics - general,koss,ispark,30.29,koss kdx100chr chrome noise isolation earbud stereophones - chrome,headphones,koss,kdx100,32.33,0,0.3125,flag-review
samsung ec-st65zzbpu indigo blue 14.2 mp digital camera w 5x optical digital camera 2.7 lcd display w 50 bonus prints,digital cameras,samsung,ec-st65zzbpu,84.0,samsung ec-st65 digital camera with 14 mp and 5x optical zoom indigo blue,point shoot digital cameras,samsung,ec-st65zzbpuus,,1,0.3125,flag-review
hon 310 series full-suspension file,storage,hon,315cpp,549.0,hon 315cpq - 310 series five-drawer full-suspension file legal 26-1 2d light gray,printers,hon,,,0,0.3125,flag-review
vantec nexstar3 2.5 sata to usb 2.0 and esata external hard drive enclosure midnight blue,electronics - general,vantec,nst-260su-bl,23.0,vantec nexstar cx nst-300su-bk 3.5-inch sata to usb 2.0 and esata external hard drive enclosure black,hard drive enclosures,vantec,nst-300su-bk,22.99,0,0.3125,flag-review
v7 4gb sd card class 6 high capacity sdhc 4 gb,usb drives,v7,vasdh4gcl6r-1n,7.98,v7 8gb sd card class 6 high capacity sdhc 8 gb,blank media,v7,vasdh8gcl6r-1n,14.84,0,0.3125,flag-review
alera valencia series reversible return bridge shell,furniture,alera,va354824my,109.0,alera tm va353624mc - valencia series reversible return bridge shell 36w x 24d x 29.5 h med cy,,dealz4real,,123.26,0,0.3125,flag-review
wanderlei silva mouse pad,mice,wincraft,15042010,18.99,anderson silva mouse pad,mouse pads,wincraft,,16.99,0,0.3125,flag-review
kingston 1gb 667mhz ddr2 sodimm notebook memory,memory,kingston,kvr667d2s5/1g,17.92,kingston 1gb pc2-5300 667mhz ddr2 sdram notebook memory kvr667d2so 1gr,computers accessories,kingston,kvr667d2so/1gr,13.99,0,0.3125,flag-review
maccase premium leather 17 macbook pro flight jacket w backpack option,electronics - general,maccase,155623,191.96,maccase premium leather ipad ipad 2 flight jacket w backpack option - vintage,cases sleeves,maccase,lpadfj-vn-bp,199.95,0,0.3125,flag-review
sharpie fine point permanent markers assorted 5ct,stationery & office machinery,sharpie,30653pp,8.19,sharpie 37675 - permanent markers ultra fine point assorted colors 5 set,storage presentation materials,sharpie,,23.14,0,0.3125,flag-review
corsair value select cmv4gx3m1a1333c9 4gb ddr3 1333mhz sdram desktop memory module,memory,corsair,cmv4gx3m1a1333c9,49.82,corsair 4 gb ddr3 laptop memory cmso4gx3m1a1333c9,computers accessories,corsair,cmso4gx3m1a1333c9,23.99,0,0.3125,flag-review
western digital elements 500gb portable se portable hard drive black,hard drives,western digital,wdbabv5000abk-nesn,71.98,western digital my passport essential se 750 gb usb 2.0 portable external hard drive midnight black,,western digital,wdbabm7500abk-nesn,78.97,0,0.3125,flag-review
canon ac adapter kit for powershot-sd900 sd800is sd700is,photography - general,canon,ack-dc30,52.88,canon ack-dc30 ac adapter kit for sd700is sd800is sd850is sd870is sd880is sd890is sd900 sd950is sd990is sd970is sx200is digital cameras,battery chargers,canon,1137b001,49.99,1,0.3125,flag-review
ge 3.6 v 700mah cordless phone battery,electronics - general,ge,36562,0.0,ge cordless phone nimh 3.6 v 700mah battery 76413,batteries,general electric,76413,9.07,0,0.3125,flag-review
buddy products dr. pocket steel 3-pocket wall file black,stationery & office machinery,buddy products,52104,51.94,buddy products 52024 - dr. pocket wall file steel legal 17-1 4 x 2 1 2 x 8 1 4 black,storage presentation materials,buddy,,,0,0.2348,flag-review
bic great erase grip chisel dry erase marker black 12pk,stationery & office machinery,bic,gdem11-blk,16.08,bic great erase grip xl dry erase whiteboard markers chisel tip green 12 per box gdem11-gn,computers accessories,bic,,13.9,0,0.1463,flag-review
startech.com icusb2328 8 port usb to rs232 serial adapter hub,electronics - general,startech,icusb2328,163.88,startech usb to rs232 db9 serial adapter cable - m m icusb232,connectors adapters,startech,icusb232,3.48,0,0.1463,flag-review
uniden 1360bk desktop corded phone with caller id black,electronics - general,uniden,1360bk,23.98,uniden slimline corded phone with cid cw - un-1260bk,corded telephones,uniden,,16.87,0,0.1463,flag-review
sony cyber-shot dsc-t110 16mp digital camera red w 4x optical zoom hd movie capture 3.0 touchscreen lcd w 50 bonus prints,digital cameras,sony,dsc-t110 / r,219.99,sony cyber-shot dsc-t110 16.1 mp digital camera with 4x optical zoom and 3-inch touchscreen in silver 8gb accessory kit,point shoot digital cameras,sony,dsc-t110,209.95,0,0.1463,flag-review
startech.com icusb1284 6 ft usb to parallel printer adapter,printers,startech,icusb1284,15.88,startech.com icusb128410 10 feet usb to parallel printer adapter - m m,i o port cards,startech,icusb128410,19.99,0,0.1463,flag-review
motorola h17 bluetooth headset,electronics - general,motorola,89334m,38.84,motorola h690 bluetooth headset,bluetooth headsets,motorola,mohfp690b1,16.47,0,0.1463,flag-review
audiosource bi5 5 in-wall construction bracket mount,furniture,audiosource,bi5,25.88,audiosource bc5 5.25 in-ceiling construction bracket mount,printers,grade-a,,,0,0.1463,flag-review
ihome wireless optical mouse black,mice,ihome,ih-m821wb,25.56,ihome slimline wireless optical mouse black,mice,ihome,ih-m114wb,10.0,0,0.1463,flag-review
case logic medium slr camera bag,photography - general,case logic,133827,47.99,case logic slrc-203 large slr camera bag black,cases bags,case logic,slrc-203,39.86,0,0.1463,flag-review
canon imageformula dr-2010c compact color scanner,electronics - general,canon,dr-2010c,479.98,canon 2455b002 imageformula dr-2510c compact color scanner,scanners,canon,2455b002,617.99,0,0.1463,flag-review
midland 2-pack 22-channel camo lxt385vp3 gmrs radio,walkie-talkie/frs,midland,lxt385vp3,39.82,midland lxt380vp3 24-mile 22-channel frs gmrs two-way radio pair,gmrs-frs two-way radios,midland,lxt380vp3,27.84,0,0.1463,flag-review
srs labs analog rca volume leveler,tv accessories,srs labs,dct6s,59.99,new-analog rca volume leveler - dct6s,accessories,srs,,65.0,1,0.1463,flag-review
green onions supply 10.1 anti-glare screen protector,electronics - general,green onions supply,rt-spfg101w / m,22.88,ag2 anti-glare screen protector for 10.1 widescreen netbooks,screen protectors,green,rt-spf10101w / m,8.99,0,0.1463,flag-review
pioneer 5.25 2-way speakers 35w,car stereos,pioneer,ts-d1302r,136.0,pioneer ts-g1343r 5.25 2-way speakers,office electronics,pioneer,,29.99,0,0.1463,flag-review
da-lite video spectra 1.5 model c with csr manual screen - 69 x 92 video format,electronics - general,da-lite,82978,657.99,da-lite advantage manual with csr - projection screen - 133 in - 16 9 - video spectra 1.5,home audio theater,da-lite,,789.95,0,0.1463,flag-review
quantum mr-s4mqn-01 dlttape s4 cartridge,mp3 accessories,quantum,mr-s4mqn-01,97.88,quantum super dlttape ii 300 600gb tape cartridge,data cartridges,quantum,mr-s2mqn-01,75.33,0,0.1463,flag-review
gear head 2.4 ghz wireless optical nano mouse black,mice,gear head,mp2800blk,15.82,gear head 2.4 ghz wireless optical nano mouse - purple black usb mp2950pur-cp10,mice,gear head,mp2950pur-cp10,14.99,0,0.1463,flag-review
3m dry-erase board porcelain 8 x4 aluminum frame,stationery & office machinery,3m,,707.59,acco brands inc. 2548 magnetic dry-erase board porcelain 96 x 48 white aluminum frame,audio video accessories,kensington,,566.81,0,0.1463,flag-review
da-lite da-glas self trimming rear projection screen - 96 x 120 av format,electronics - general,da-lite,27915,7443.99,da-lite 27673 da-glas self trimming rear projection screen - 96 x 96 av format,projection screens,da-lite,,,0,0.1463,flag-review
corsair builder series cx v2 500w 80 plus certified power supply,electronics - general,corsair,cmpsu-500cxv2,67.88,corsair builder series cx600 600 watt 80 plus certified power supply compatible with intel and amd platforms atx 700 cmpsu-600cxv2,power supplies,corsair,cmpsu-600cxv2,65.84,0,0.1463,flag-review
evga geforce 8400 gs 1gb ddr3 pci express 2.0 graphics card,electronics - general,evga,01g-p3-1302-lr,44.99,evga geforce gt 430 1 gb ddr3 pci-express 2.0 graphics card 01g-p3-1430-lr,graphics cards,evga,01g-p3-1430-lr,55.65,0,0.1463,flag-review
lathem time 900e electronic time recorder automatic,stationery & office machinery,,900e,239.94,900e electronic time recorder - automatic sold individuall,printer accessories,lathem,,230.0,1,0.1463,flag-review
pc treasures wireless optical mouse 2.4 ghz purple,mice,pc treasures,07227,17.82,wireless optical mouse,mice,micro innovations,pdopt15w,18.92,0,0.1463,flag-review
epson 1500 hours 200w uhe projector lamp elplp12,monitors,epson,elplp12,438.84,epson replacement lamp - 200w uhe projector lamp - 2000 hour high brightness mode 3000 hour low brightness mode,,epson,v13h010l33,268.7,0,0.1463,flag-review
microsoft lifecam hd-6000 usb hd webcam 7pd-00001,electronics - general,microsoft,7pd-00001,36.97,microsoft lifecam hd-5000 720p hd webcam black,webcams,microsoft,7nd-00001,32.5,0,0.1463,flag-review
kingston kth-mlg4 2g 2gb ddr2 240-pin sdram server memory module,memory,kingston,kth-mlg4 / 2g,55.92,2gb ddr2 sdram memory module,computers accessories,lenovo,73p4985,61.97,0,0.1463,flag-review
canon powershot a3300 is black 16.0 mp digital camera with 5x optical zoom 3.0 lcd 720p video w 50 bonus prints,digital cameras,canon,5035b001aa,156.54,canon powershot a3300 16 mp digital camera with 5x optical zoom black,point shoot digital cameras,canon,5035b001,159.0,1,0.1463,flag-review
microsoft comfort optical mouse 3000 silver blue,mice,microsoft,d1t00011,19.95,microsoft comfort optical mouse 3000,mice,microsoft,d1t-00002,9.09,0,0.1463,flag-review
gear head 2.4 ghz wireless optical nano mouse black,mice,gear head,mp2800blk,15.82,gear head 2.4 ghz wireless optical nano mouse - red black usb mp2750red-cp10,mice,gear head,mp2750red-cp10,13.66,0,0.1463,flag-review
viewsonic pocket camcorder projector,camcorders,viewsonic,3dv5,129.98,viewsonic dvp5 pico pocket projector with camcorder,video projectors,viewsonic,dpv5,315.63,0,0.1463,flag-review
birdhouse tony hawk 2gb ptero skatedrive usb flash drive,usb drives,ep memory,bh-skthpt/2g,9.84,birdhouse tony hawk 16gb bonepile skatedrive usb flash drive,usb flash drives,action,,,0,0.1463,flag-review
seagate freeagent goflex 500gb usb 2.0 ultra-portable hard drive black,hard drives,seagate,9zf2a2-570,71.07,seagate freeagent goflex 500 gb usb 2.0 ultra-portable external hard drive staa500100 black,external hard drives,seagate,staa500100,62.99,1,0.1463,flag-review
belkin shield micra for ipod touch tint,mp3 accessories,belkin,f8z646ttc01,47.88,belkin ipod touch shield micra tint-royal purple,cases,belkin,f8z646ttc02,12.49,0,0.1463,flag-review
cooler master atx centurion 534 tower black,electronics - general,coolermaster,centurion534bk,56.25,cooler master centurion 5 atx mid tower case silver - cac-t05-uw,computer cases,cooler master,cac-t05-uw,54.99,0,0.1463,flag-review
pny 2gb sd memory card,usb drives,pny,p-sd2gb-fs,6.98,pny optima 2gb sd class 4 flash memory card p-sd2gb-ef,memory cards,pny,p-sd2gb-ef,3.97,1,0.1463,flag-review
mach speed cartunes max range fm transmitter mp3 player,mp3,mach speed,cartunesmax,29.99,mach speed cartunes max fm transmitter,universal fm cassette adapters,mach speed,mp3-cartunes max,21.99,1,0.1463,flag-review
kodak easyshare m530 red 12mp digital camera w 3x optical zoom 2.7 lcd w 50 bonus prints,digital cameras,kodak,m530 red,99.54,kodak easyshare m531 14mp 3x optical 5x digital zoom hd camera carbon black,point shoot digital cameras,kodak,,99.95,0,0.1463,flag-review
belkin shield micra for ipod touch tint,mp3 accessories,belkin,f8z646ttc01,47.88,belkin ipod touch shield micra tint-coral,cases,belkin,f8z646ttc03,12.49,0,0.1463,flag-review
wilson jones d-ring vinyl view binder,stationery & office machinery,wilson jones,38544b,16.4,new-wilson jones 38654w - basic d-ring vinyl view binder 4 capacity white - wlj38654w,projection screens,wilson jones,,33.0,0,0.1463,flag-review
v7 10 cat5e snagless network patch cable blue,electronics - general,v7,v7n3c5e-10f-blus,4.88,v7 cat5e snagless molded network patch cable rj45 male to male blue 1-foot v7n3c5e-01f-blus,ethernet cables,v7,v7n3c5e-01f-blus,1.19,0,0.1463,flag-review
v7 4gb sd card class 6 high capacity sdhc 4 gb,usb drives,v7,vasdh4gcl6r-1n,7.98,v7 4gb sd card secure digital high capacity 4 gb memory card,memory cards,v7,vasdh4gcl4r-1n,9.99,0,0.1463,flag-review
redi-tag arrow message page flags in dispenser blue 120 flags,stationery & office machinery,,81034,5.15,redi-tag 81024 - arrow message page flags in dispenser sign here red 120 flags dispenser,printers,redi-tag,,,0,0.1463,flag-review
stanley bostitch 00540 antijam extra heavy-duty stapler 215-sheet capacity black,stationery & office machinery,stanley bostitch,540,65.0,new-stanley bostitch 03201 - antijam desktop heavy-duty stapler 60-sheet capacity black - bos03201,printer staples,stanley,,54.55,0,0.1463,flag-review
green onions supply iveil hybrid keyboard protector,electronics - general,green onions supply,rt-kbhb06,31.88,green onions supply iveil hybrid keyboard protector for 11-inch apple macbook air rt-kbhb08,keyboards,green,rt-kbhb08,29.0,0,0.1463,flag-review
case logic 10 tablet sleeve black,electronics - general,case logic,lapst110black,16.0,case logic lapst-107 6 - 7-inch tablet e-book reader sleeve black,cases sleeves,case logic,lapst-107black,10.59,0,0.1463,flag-review
gear head wireless optical tilt-wheel mouse red,mice,gear head,mpt3200red,19.88,gear head 2.4 ghz wireless desktop and optical mouse kb5150w,keyboard mouse combos,gear head,kb5150w,24.99,0,0.1463,flag-review
jvc inner-ear sports clip earbuds violet,electronics - general,jvc,haebx5v,19.95,new-inner-ear sports clip earbuds - red - dq2349,headphones,jvc,,21.0,0,0.1463,flag-review
ihome app-friendly rechargeable speaker system for ipad iphone ipod,electronics - general,ihome,id9s,99.99,new ihome idm12b ipad tm iphone r ipod r rechargeable portable bluetooth r speaker system,computers accessories,ihome,,80.99,0,0.1463,flag-review
paperpro desktop ecostapler 20 sheet capacity,stationery & office machinery,,1710,20.88,new-paperpro 1188 - pink ribbon desktop stapler 20-sheet capacity black pink - aci1188,computer accessories,paperpro,,40.16,0,0.1463,flag-review
comprehensive 1 4 standard phone plug to 3-pin xlr jack set of 10,tv accessories,comprehensive,spp-xlrj,79.9,comprehensive premium - audio adapter - mini-phone 3.5 mm m - 3 pin xlr f,connectors adapters,comprehensive video,,,1,0.1463,flag-review
microsoft expression studio v 4.0 ultimate upgrade version,software,microsoft,nkf-00001,338.0,microsoft expression studio 4 ultimate,computer accessories,microsoft,nkf-00008,547.99,0,0.1463,flag-review
eaton 3s750 ups 750va,electronics - general,eaton,3s750,86.88,eaton 3s ups 750va 5-15p 10 5-15r 5-up,audio video accessories,eaton,,84.06,1,0.1463,flag-review
storex portable file storage box w organizer lid black,storage,,61510u01c,25.0,storex 61511u01c - portable file storage box w organizer lid letter legal clear,laminating supplies,storex,,,0,0.1463,flag-review
sanus powerbridge in wall power and cable management,electronics - general,sanus,,84.99,sanus systems elm805-w1 power bridge in-wall power and cable management white,,sanus,elm805-w1,72.0,0,0.1463,flag-review
panasonic kx-tga6645b dect 6.0 plus expandable digital cordless answering system with 5 handsets,electronics - general,panasonic,kx-tg6645b,150.0,panasonic dect 6.0 expandable cordless phone with talking caller id answering system - 4 handset pack,cordless telephones,panasonic,,132.68,0,0.1463,flag-review
belkin pro series 6 usb 2.0 5-pin min-b cable,electronics - general,belkin,f3u138-06,6.07,belkin f3u138-10 pro series 10-foot usb 2.0 5-pin mini-b cable,usb cables,belkin,f3u138-10,5.25,0,0.1463,flag-review
crown cushion-step rubber mat 36 x 72 marbleized black,home care,crown,cu3672bk,194.97,crown cu3672gy - cushion-step mat rubber 36 x 72 marbleized gray,networking products,crown,,,0,0.1463,flag-review
wausau paper astrobrights colored paper 24lb 8-1 2 x 11 planetary purple 500 sheets ream,stationery & office machinery,wausau paper,22621,10.27,wausau paper 32542 - exact colored paper 20lb 8-1 2 x 14 yellow 500 sheets ream,,wausau,,11.63,0,0.1463,flag-review
elite screens maxwhite vmax2 plus2 series ezelectric motorized screen - 135 diagonal in white case,electronics - general,elite screens,vmax135xwh2,729.99,maxwhite vmax2 plus2 series 116.5 overall height ezelectric motorized screen - 135 diagonal in white case,projection screens,elite,,594.0,0,0.1463,flag-review
quartet cork bulletin board natural cork fiberboard 60 x 36 aluminum frame,stationery & office machinery,quartet,2305,91.44,acco brands inc. 2366 enclosed bulletin board natural cork fiberboard 72 x 36 aluminum frame,audio video accessories,kensington,,620.69,0,0.1463,flag-review
canon mp41dhii printing calculator,stationery & office machinery,canon,mp41dhii,70.88,canon mp27d printing calculator 6995a001ab,printing,canon,6995a001ab,55.71,0,0.1463,flag-review
diaper dude eco green ipad case,electronics - general,diaper dude,207491,25.0,diaper dude eco black ipad case digi-ipadpetblk100,laptop netbook computer accessories,diaper dude,digi-ipadpetblk100,25.0,0,0.1463,flag-review
epson t020201 color ink cartridge,printers,epson,t020201,27.0,epson t001011 color inkjet cartridge,inkjet printer ink,epson,t001011,26.95,0,0.1463,flag-review
sharpie retractable fine point permanent markers,stationery & office machinery,sharpie,32760,5.99,new-sharpie 37001 - permanent markers ultra fine point black dozen - san37001,shredders,sharpie,,27.07,0,0.1463,flag-review
avery worksaver big tab plastic dividers two slash pockets eight-tab assorted,stationery & office machinery,avery,11907,5.88,avery 11907 - worksaver big tab plastic dividers two slash pockets 8-tab assorted,,avery,,12.0,1,0.1075,flag-review
