label,left_title,left_authors,left_venue,left_year,right_title,right_authors,right_venue,right_year,match_probability,action
1,using semantic values to falilitate interoperability among heterogeneous information systems,"e sciore , m siegel , a rosenthal",acm trans . database syst .,1994,"m. , rosenthal , a. ( 1991 ) using semantic values to facilitate interoperability among heterogeneous",es sciore,acm transactions on database,,0.2703,flag-review
0,spatial operators,"e clementini , p felice",sigmod record,2000,spatial operators .,acms anthology,"sigmod record ,",2000.0,0.2703,flag-review
0,editor 's notes,m franklin,sigmod record,1999,editor 's notes,sm richardson,"new directions for teaching and learning ,",1999.0,0.2703,flag-review
0,fast parallel similarity search in multimedia databases,"s berchtold , c bіhm , b braunmќller , d keim , h kriegel",sigmod conference,1997,efficient user-adaptable similarity search in large multimedia databases,"s thomas , h kriegel","proc . 23th int . conf . on vldb ,",,0.2703,flag-review
0,guest editorial,,,2001,guest editorial,gh rassool,"journal of advanced nursing ,",2000.0,0.2703,flag-review
0,statistical schema matching across web query interfaces,"b he , k chang",sigmod conference,2003,mining complex matchings across web query interfaces,"b he , kcc chang , j han",,,0.2703,flag-review
1,concurrency and recovery in generalized search trees,"m kornacker , c mohan , j hellerstein",sigmod conference,1997,concurrency control and recovery in gist,"m kornacker , c mohan , j hellerstein","proc . acm sigmod int . conf . on management of data ,",,0.2703,flag-review
0,analysis of n-dimensional quadtrees using the hausdorff fractal dimension,"c faloutsos , v gaede",vldb,1996,analysis of the z-ordering method using the hausdorff fractal dimension,"c faloutsos , v gaede","proceedings of the international conference on very large & hellip ; ,",,0.2703,flag-review
0,guest editorial,,,2000,guest editorial,"v atluri , a joshi , y yesha","the vldb journal the international journal on very large & hellip ; ,",2003.0,0.2703,flag-review
1,generalizing gloss to vector-space databases and broker hierarchies,"l gravano , h garcia-molina",vldb,1995,garc a-molina . generalizinggloss tovector-spacedatabasesandbroker hierarchies,l gravanoandh,"proceedings of the 21st international conference on very & hellip ; ,",,0.2703,flag-review
0,secure transaction processing in firm real-time database systems,"b george , j haritsa",sigmod conference,1997,secure buffering inâ ® rm real-time database systems,"b george , j haritsa","journal on very large data bases ( vldb ) ,",,0.2703,flag-review
0,guest editorial,,,2003,guest editorial,s chaudhuri,"data mining and knowledge discovery ,",2000.0,0.2703,flag-review
1,efficiently mining long patterns from databases,r jr.,sigmod conference,1998,efficiently mining long patternsfrom databases,r bayardo,"proc . of the acm sigmod conference ,",,0.2703,flag-review
0,an ultra highly available dbms,"s hvasshovd , s bratsberg , и torbjјrnsen",vldb,2000,tutorial : designing an ultra highly available dbms .,se bratsberg,,,0.2703,flag-review
1,estimating the selectivity of spatial queries using the ` correlation ' fractal dimension,"a belussi , c faloutsos",vldb,1995,estimating the selectivity of spatial queries using the â ?? correlationâ ??,fc belussia,"proc . 21st international conference on very large data bases & hellip ; ,",,0.2703,flag-review
0,guest editor 's introduction,,,2002,guest editor,a dogac,"acm sigmod record special section on electronic commerce ,",,0.2703,flag-review
1,the aqua approximate query answering system,"s acharya , p gibbons , v poosala , s ramaswamy",sigmod conference,1999,aqua : system and techniques for approximate query answering,"pb gibbons , v poosala , s acharya , y bartal , y",,,0.2703,flag-review
1,the database research group at eth zurich,"m norrie , s blott , h schek , g weikum",sigmod record,1994,from the kernel to the cosmos : the database research group at eth zurich,"hj schek , mh scholl , g weikum",,,0.2703,flag-review
0,implementing lazy database updates for an object database system,"f ferrandina , t meyer , r zicari",vldb,1994,correctness of lazy database updates for object database systems,"f ferrandina , t meyer , r zicari",,,0.2703,flag-review
0,guest editorial,,,2003,guest editorial,"jr gruser , l raschid , v zadorozhny","the vldb journal ,",2000.0,0.2703,flag-review
1,the effectiveness of gloss for the text database discovery problem,"l gravano , h garcia-molina , a tomasic",sigmod conference,1994,"garc ä ± a-molina , h. , and tomasic , a. 1994 . the effectiveness of gloss for the text database",l gravano,proceedings of the 1994 acm sigmod international conference,,0.2703,flag-review
1,data mining with optimized two-dimensional association rules,"t fukuda , y morimoto , s morishita , t tokuyama",acm trans . database syst .,2001,optimized two dimensional optimization rules,"t fukuda , y morimoto , s morishita , t tokuyama","proc . sigmod ,",,0.2703,flag-review
1,oodb indexing by class-division,"s ramaswamy , p kanellakis",sigmod conference,1995,"oodb indexing by class division , apic series","s ramaswamy , p kanellakis",,1995.0,0.2703,flag-review
1,"information visualization , guest editors ' foreword",,,1996,information visualization guest editors ' foreword,"e ioannidis , r beigel , b shneiderman , jb kennedy ,","sigmod record ,",1996.0,0.2703,flag-review
1,adaptive filters for continuous queries over distributed data streams,"c olston , j jiang , j widom",sigmod conference,2003,widomj ( 2003 ) adaptivefiltersforcontinuous queries over distributed data streams,jj olstonc,proceedings of acm sigmod,,0.2703,flag-review
0,"review of data on the web : from relational to semistructured data and xml by serge abiteboul , peter buneman , and dan suciu . morgan kaufmann 1999",,,2003,data on the web : from relational to semistructured data and xml,"s abiteboul , p buneman , d suciu","sigmod record ,",2003.0,0.2703,flag-review
0,lof : identifying density-based local outliers,"m breunig , h kriegel , r ng , j sander",sigmod conference,2000,lof : identifying outliers in large dataset,"mm breunig , hp kriegel , rt ng , j sander","proc . of acm sigmod ,",,0.2703,flag-review
0,revisiting commit processing in distributed database systems,"r gupta , j haritsa , k ramamritham",sigmod conference,1997,characterization and optimization of commit processing performance in distributed database systems,"j haritsa , k ramamritham , r gupta",,,0.2703,flag-review
0,keynote address,,,1995,a keynote address,pe deegan,"the sixth annual mental health services conference of & hellip ; ,",,0.2703,flag-review
1,special issue on data mining for intrusion detection and threat analysis - guest editor 's introduction,,,2001,special section on data mining for intrusion detection and threat analysis,d barbarã ¡,"acm sigmod record ,",2001.0,0.2703,flag-review
0,polymorphism and type inference in database programming,"p buneman , a ohori",acm trans . database syst .,1996,type inference in a database programming language,"a ohori , p buneman",,,0.2703,flag-review
0,guest editorial,,,2003,guest editorial,gh rassool,"journal of advanced nursing ,",2000.0,0.2703,flag-review
0,exploratory mining via constrained frequent set queries,"r ng , l lakshmanan , j han , t mah",sigmod conference,1999,exploratory mining and pruning optimizations of constrained association queries,"rt ng , lvs lakshmanan , j han , a pang","proc . of the acm sigmod conference on management of data ,",,0.2703,flag-review
0,guest editor 's introduction,,,2003,taking issue : guest editor 's introduction,hj levesque,"computational intelligence ,",,0.2703,flag-review
0,algorithms for materialized view design in data warehousing environment,"j yang , k karlapalem , q li",vldb,1997,evaluation of materialized view indexing in data warehousing environments,"l bellatreche , k karlapalem , q li",,,0.2703,flag-review
0,guest editorial,,,2000,guest editorial,"a el abbadi , g schlageter , ky whang","the vldb journal the international journal on very large & hellip ; ,",2001.0,0.2703,flag-review
0,infomaster : an information integration system,"m genesereth , a keller , o duschka",sigmod conference,1997,infomaster-an information integration tool,"om duschka , mr genesereth",,,0.2703,flag-review
0,indexing of now-relative spatio-bitemporal data,"s saltenis , c jensen",vldb j.,2002,r-tree based indexing of now-relative bitemporal data,"r bliujute , cs jensen , s saltenis , g slivinskas","vldb ,",1998.0,0.2703,flag-review
0,broadcast protocols to support efficient retrieval from databases by mobile users,"a datta , d vandermeer , a celik , v kumar",acm trans . database syst .,1999,adaptive broadcast protocols to support power conservant retrieval by mobile users,"a datta , a celik , j kim , de vandermeer",,,0.2703,flag-review
0,parametric query optimization,"y ioannidis , r ng , k shim , t sellis",vldb j.,1997,parametric query optimization,j madhavan,,,0.2703,flag-review
0,editorial,,,2001,editorial,p willis,"bt technology journal ,",2000.0,0.2703,flag-review
0,guest editorial,,,2003,guest editorial,mp atkinson,"the vldb journal the international journal on very large & hellip ; ,",2000.0,0.2703,flag-review
0,editor 's notes,m franklin,sigmod record,1999,editor 's notes,sm richardson,"new directions for teaching and learning ,",1999.0,0.2703,flag-review
0,coalescing in temporal databases,"m bіhlen , r snodgrass , m soo",vldb,1996,temporal databases,rt snodgrass,,,0.2703,flag-review
0,xquery : a query language for xml,,,2003,a query language for a web-site management system,"d florescu , a levy , m fernandez , d suciu","sigmod record ,",,0.2703,flag-review
1,distance-based indexing for high-dimensional metric spaces,"t bozkaya , z жzsoyoglu",sigmod conference,1997,distance-basedindexing for high dimensional metric spaces,tbm ozsoyoglu,"proc . of sigmod ,",,0.2703,flag-review
0,"sqlj part 0 , now known as sql/olb ( object-language bindings )","a eisenberg , j melton",sigmod record,1998,"0 , now known as sql/olb ( object-language bindings )",s part,,1998.0,0.2703,flag-review
0,a framework for clustering evolving data streams,"c aggarwal , j han , j wang , p yu",vldb,2003,a framework for diagnosing changes in evolving data streams,cc aggarwal,,,0.2703,flag-review
0,reordering query execution in tertiary memory databases,"s sarawagi , m stonebraker",vldb,1996,query processing in tertiary memory databases,s sarawagi,,1996.0,0.2703,flag-review
0,querying xml views of relational data,"j shanmugasundaram , j kiernan , e shekita , c fan , j funderburk",vldb,2001,triggers over xml views of relational data,"f shao , a novak , j shanmugasundaram",,,0.2703,flag-review
0,parametric query optimization for linear and piecewise linear cost functions,"a hulgeri , s sudarshan",vldb,2002,parametric query optimization,a hulgeri,,2004.0,0.25,flag-review
0,using probabilistic information in data integration,"d florescu , d koller , a levy",vldb,1997,information integration,a levy,,,0.25,flag-review
0,optimization of run-time management of data intensive web-sites,"d florescu , a levy , d suciu , k yagoub",vldb,1999,"sd , and yk optimization of run-time management of data intensive web-sites",la fd,proceedings of the 25th international conference on very,,0.25,flag-review
0,the lotus notes storage system,k moore,sigmod conference,1995,the lotus notes [ tm ] storage system,portal.acm.org,"sigmod record ,",1995.0,0.25,flag-review
0,the asilomar report on database research,"p bernstein , m brodie , s ceri , d dewitt , m franklin , h garcia-molina , j gray , g held , j hellerstein , h jagadish , m lesk , d maier , j naughton , h pirahesh , m stonebraker , j ullman",sigmod record,1998,ullman jeffery d. the asilomar report on database research [ j ],s michael,"sigmod record ,",,0.25,flag-review
0,e-services - guest editorial,,,2001,guest editorial,ay halevy,"the vldb journal the international journal on very large & hellip ; ,",2002.0,0.25,flag-review
1,privacy-preserving indexing of documents on the network,"m bawa , r jr. , r agrawal",vldb,2003,"rjb jr. , and r. agrawal . privacy preserving indexing of documents on the network",m bawa,,2003.0,0.25,flag-review
0,secure bufering in firm real-time database systems,"b george , j haritsa",vldb j.,2000,secure transaction processing in firm real-time database systems,"b george , j haritsa","sigmod conference ,",1997.0,0.25,flag-review
0,a-topss - a publish/subscribe system supporting approximate matching,"h liu , h jacobsen",vldb,2002,a-topss : a publish/subscribe system supporting imperfect information processing,"h liu , ha jacobsen",,,0.25,flag-review
0,approximate query processing : taming the terabytes,"m garofalakis , p gibbons",vldb,2001,approximate query processing using wavelets,"k chakrabarti , m garofalakis , r rastogi , k shim","the vldb journal the international journal on very large & hellip ; ,",2001.0,0.25,flag-review
0,query unnesting in object-oriented databases,l fegaras,sigmod conference,1998,querying object-oriented databases,m kifer,,,0.25,flag-review
1,coordinating backup/recovery and data consistency between database and file systems,"s bhattacharya , c mohan , k brannon , i narang , h hsiao , m subramanian",sigmod conference,2002,coordinated backup and recovery between dbms and file systems,"i narang , c mohan , k brannon","ibm research report , ibm almaden research center , oct ,",,0.25,flag-review
0,xml-based information mediation with mix,"c baru , a gupta , b ludфscher , r marciano , y papakonstantinou , p velikhov , v chu",sigmod conference,1999,xml-based information mediation for digital libraries,"ck baru , v chu , a gupta , b ludaescher , r marciano ,",,,0.25,flag-review
0,online aggregation,"j hellerstein , p haas , h wang",sigmod conference,1997,join algorithms for online aggregation,"pj haas , jm hellerstein",,1998.0,0.25,flag-review
0,the query by image content ( qbic ) system,"j ashley , m flickner , j hafner , d lee , w niblack , d petkovic",sigmod conference,1995,query by image and video content : the qbic system,"m plickner , h sawhney",,1995.0,0.25,flag-review
0,tree pattern query minimization,"s amer-yahia , s cho , l lakshmanan , d srivastava",vldb j.,2002,minimization of tree pattern queries,"s amer-yahia , s cho , lvs lakshmanan , d srivastava",,,0.25,flag-review
1,capbased-ams : a capability-based and event-driven activity management system,"p hung , h yeung , k karlapalem",sigmod conference,1996,"h. p1 . yeung and k. karlapalem , capbased-ams : a capability-based and event-driven activity",pck hung,proceedings of the acm sigmod conference on management of,,0.2426,flag-review
0,guest editor 's introduction,,,2003,guest editor 's introduction : assuring software quality assurance,jm voas,"ieee software ,",2003.0,0.2426,flag-review
0,efficient algorithms for processing xpath queries,"g gottlob , c koch , r pichler",vldb,2002,efficient algorithms for processing xpath queries,"a halverson , j burger , l galanis , a kini , r",,2003.0,0.2402,flag-review
0,reminiscences on influential papers,,,2001,reminiscences on influential papers,ka ross,sigmod,2002.0,0.2353,flag-review
0,zoo : a desktop experiment management environment,"y ioannidis , m livny , s gupta , n ponnekanti",vldb,1996,zoo : a desktop emperiment management environment .,"acms anthology , p edition",,,0.2353,flag-review
0,design and management of data warehouses : report on the dmdw '99 workshop,"s gatziu , m jeusfeld , m staudt , y vassiliou",sigmod record,1999,report on the 5 thinternational workshop on the design and management of data warehouses ( dmdwâ ?? 03 ),"hj lenz , p vassiliadis , m jeusfeld , m staudt","sigmod record ,",2003.0,0.2353,flag-review
0,approximate query processing : taming the terabytes,"m garofalakis , p gibbons",vldb,2001,approximate query processing using wavelets,"kc cgrs , mn garofalakis , r rastogi , k shim",proceedings of the international conference on very large,,0.2353,flag-review
0,editorial,,,2001,editorial,"j harmer , j turnbull","bt technology journal ,",2002.0,0.2353,flag-review
0,guest editor 's introduction,,,2002,guest editor 's introduction,y singer,"machine learning ,",2001.0,0.2353,flag-review
0,enhanced abstract data types in object-relational databases,p seshadri,vldb j.,1998,the case for enhanced abstract data types,"r ramakrishnan , p seshadri , m livny","proc . of vldb ,",,0.2353,flag-review
1,from structured documents to novel query facilities,"v christophides , s abiteboul , s cluet , m scholl",sigmod conference,1994,"v. andabiteboul , s. cluet , and m. scholl . from structured documents to novel query facilities",s christophides,,,0.2353,flag-review
0,finding hierarchical heavy hitters in data streams,"g cormode , f korn , s muthukrishnan , d srivastava",vldb,2003,diamond in the rough : finding hierarchical heavy hitters in multi-dimensional data,"g cormode , f korn , s muthukrishnan , d srivastava","proc . acm sigmod ,",2004.0,0.2353,flag-review
0,infering structure in semistructured data,"s nestorov , s abiteboul , r motwani",sigmod record,1997,ozone : integrating structured and semistructured data,"s abiteboul , r goldman , t lahiri , j mchugh , j","technical report , stanford university database group ,",,0.2353,flag-review
0,model-based information integration in a neuroscience mediator system,"b ludфscher , a gupta , m martone",vldb,2000,a mediator system for model-based information integration,"b ludã $ scher , a gupta , m martone",int . conf .,,0.2353,flag-review
1,query caching and optimization in distributed mediator systems,"s adali , k candan , y papakonstantinou , v subrahmanian",sigmod conference,1996,"querycachingandoptimizationindistributed mediatorsystems , inh . v. jagadish and inderpal singh mumick","s adali , ks candan , y papakonstantinou , vs","proc . of the 1996 acm sigmod conf . on managementof data ,",,0.2353,flag-review
0,editorial,,,2002,editorial,"g cosier , p hughes","bt technology journal ,",2001.0,0.2353,flag-review
1,the wasa2 object-oriented workflow management system,"g vossen , m weske",sigmod conference,1999,the wasa approach to workflow management for scientij,"g vossen , m weske","applications . in : a. dogac , l. kahnichenko , mt zsu , a. sheth",,0.2353,flag-review
1,efficient concurrency control for broadcast environments,"j shanmugasundaram , a nithrakashyap , r sivasankaran , k ramamritham",sigmod conference,1999,efficiellt concurrency control for broadcast environmqmts univ,j shanmugasundaramâ ? ¦,of massachusetts technical report,,0.2,flag-review
0,a framework for clustering evolving data streams,"c aggarwal , j han , j wang , p yu",vldb,2003,a framework for projected clustering of high dimensional data streams,c aggarwal,"proceedings of the international conference on very large & hellip ; ,",2004.0,0.2,flag-review
1,advanced xml data processing - guest editor 's introduction,k aberer,sigmod record,2001,special section on advanced xml data processing,k aberer,"acm sigmod record ,",,0.2,flag-review
0,the query by image content ( qbic ) system,"j ashley , m flickner , j hafner , d lee , w niblack , d petkovic",sigmod conference,1995,query by image and video content : the qbic system,"f myron , s harpreet , n wayne",,1995.0,0.2,flag-review
0,data staging for on-demand broadcast,"d aksoy , m franklin , s zdonik",vldb,2001,pull for data broadcast,"s acharya , m franklin , s zdonik , b push","proc . acm sigmod conf. , tucson , az , may ,",,0.2,flag-review
1,amicalola report : database and information system research challenges and opportunities in semantic web and enterprises,"a sheth , r meersman",sigmod record,2002,database and information systems research database and information systems research for semantic web,"a sheth , r meersman",,,0.2,flag-review
0,algorithms for materialized view design in data warehousing environment,"j yang , k karlapalem , q li",vldb,1997,genetic algorithm for materialized view selection in data warehouse environments,"c zhang , j yang",,,0.2,flag-review
0,a query language for a web-site management system,"m fernandez , d florescu , a levy , d suciu",sigmod record,1997,catching the boat with strudel : experience with a web-site management system,"d florescu , m fernandez , j kang , a levy , d suciu",proceedings of acm sigmod conference on management of,,0.2,flag-review
0,catching the boat with strudel : experiences with a web-site management system,"m fernandez , d florescu , j kang , a levy , d suciu",sigmod conference,1998,overview of strudel - a web-site management system,"mf fernandez , d florescu , j kang , ay levy , d suciu",,,0.2,flag-review
1,an effective hash based algorithm for mining association rules,"j park , m chen , p yu",sigmod conference,1995,an effective hash-based algorithm for mining association rules . in : proc . of the 1995 acm sigmod,js park,,1995.0,0.2,flag-review
0,editor 's notes,j widom,sigmod record,1996,editor 's notes,r goldstein,"the american statistician ,",1996.0,0.1854,flag-review
0,lore : a lightweight object repository for semistructured data,"d quass , j widom , r goldman , k haas , q luo , j mchugh , s nestorov , a rajaraman , h rivero , s abiteboul , j ullman , j wiener",sigmod conference,1996,lore : a db management system for semistructured data,"j mchugh , s abiteboul , r goldman , d quass , j widom","sigmod rec ,",,0.1676,flag-review
0,analysis of predictive spatio-temporal queries,"y tao , j sun , d papadias",acm trans . database syst .,2003,selectivity estimation for predictive spatio-temporal queries,"y tao , j sun , d papadias",,,0.1351,flag-review
0,a user-centered interface for querying distributed multimedia databases,"i cruz , k james",sigmod conference,1999,user interface for distributed multimedia database querying with mediator supported refinement,"if cruz , km james",,,0.1351,flag-review
1,small worlds : the dynamics of networks between order and randomness - book review,,,2002,small worlds : the dynamics of networks between order and randomness,dj watts,,1999.0,0.1351,flag-review
0,editorial,,,2002,editorial,s rudkin,"bt technology journal ,",2005.0,0.1351,flag-review
0,online dynamic reordering for interactive data processing,"v raman , b raman , j hellerstein",vldb,1999,online dynamic reordering,"v raman , b raman , jm hellerstein","the vldb journal the international journal on very large & hellip ; ,",2000.0,0.1351,flag-review
0,wavecluster : a multi-resolution clustering approach for very large spatial databases,"g sheikholeslami , s chatterjee , a zhang",vldb,1998,wavecluster : a wavelet based clustering approach for spatial data,g sheikholeslamiâ ? ¦,"vldb journal ,",,0.1351,flag-review
0,shoring up persistent applications,"m carey , d dewitt , m franklin , n hall , m mcauliffe , j naughton , d schuh , m solomon , c tan , o tsatalos , s white , m zwilling",sigmod conference,1994,"carey , and al. shoring up persistent applications","sb davidson , as koskym","proc . acm sigmod symp . on the management of data ,",,0.1351,flag-review
0,data mining techniques,j han,sigmod conference,1996,data mining techniques,"mja berry , g linoff",,1997.0,0.1351,flag-review
0,editorial,,,2001,editorial,"p muschamp , j hill","bt technology journal ,",2004.0,0.1351,flag-review
0,sonar : system for optimized numeric associationrules,"t fukuda , y morimoto , s morishita , t tokuyama",sigmod conference,1996,"data mining using two-dimensional optimized association rules for numeric attributes : scheme ,","t fukuda , y morimoto , s morishita , t tokuyama","acm sigmod conference proceedings ,",,0.1351,flag-review
0,"database tuning : principles , experiments , and troubleshooting techniques ( part ii )","d shasha , p bonnet",sigmod conference,2002,database tuning : principles,"d shasha , p bonnet","experiments and troubleshooting techniques , morgan kaufmann ,",,0.1351,flag-review
0,efficient retrieval of similar shapes,"d rafiei , a mendelzon",vldb j.,2002,efficient retrieval of similar time sequences using dft,"d rafiei , a mendelzon","arxiv preprint cs.db / 9809033 ,",1998.0,0.1351,flag-review
0,a cost model for clustered object-oriented databases,"g gardarin , j gruser , z tang",vldb,1995,an axiomatic model for deductive object-oriented databases,"zt kardkovacs , gm suranyi",,,0.1351,flag-review
0,dynamic load balancing in hierarchical parallel database systems,"l bouganim , d florescu , p valduriez",vldb,1996,dynamic load balancing in parallel database systems,e rahm,,,0.1351,flag-review
0,dec data distributor : for data replication and data warehousing,d dietterich,sigmod conference,1994,"pp. 1â ?? 12 . dietterich , dj 1994 . dec data distributor : for data replication and data warehousing",a canada,"int . conf ,",,0.1351,flag-review
0,an approach for building secure database federations,"d jonscher , k dittrich",vldb,1994,access control for database federations,"d jonscher , kr dittrich",,,0.1351,flag-review
0,practical predicate placement,j hellerstein,sigmod conference,1994,practical predicate dispatch,t millstein,,,0.1351,flag-review
0,evolution and change in data management - issues and directions,"j roddick , l al-jadir , l bertossi , m dumas , f estrella , h gregersen , k hornsby , j lufter , f mandreoli , t mфnnistі , e mayol , l wedemeijer",sigmod record,2000,evolution and change in data management-issues and directions .,acms anthology,"sigmod record ,",2000.0,0.1351,flag-review
0,"domains , relations and religious wars",r camps,sigmod record,1996,"in reply to domains , relations and religious wars",h darwen,"acm sigmod record ,",1996.0,0.1351,flag-review
0,mining quantitative association rules in large relational tables,"r srikant , r agrawal",sigmod conference,1996,mining generfized association rules,"r srikant , r agrawal","proc . 1995 int . conf . very large data bases , zrich ,",,0.1351,flag-review
0,online aggregation,"j hellerstein , p haas , h wang",sigmod conference,1997,ripple joins for online aggregation,"pj haas , jm hellerstein",,,0.1351,flag-review
0,spatial hash-joins,"m lo , c ravishankar",sigmod conference,1996,spatialhash-joins,rcv loml,"proceedingsof acm sigmod conference , montreal ,",,0.1351,flag-review
1,"the hbp-tree : a modified hb-tree supporting concurrency , recovery and node consolidation","g evangelidis , d lomet , b salzberg",vldb,1995,"the hb ^ î - tree : a multi-attribute index supporting concurrency , recovery and node consolidation","g evangelidis , d lomet , b salzberg","the vldb journal the international journal on very large & hellip ; ,",1997.0,0.1351,flag-review
0,mining fuzzy association rules in databases,"c kuok , a fu , m wong",sigmod record,1998,mining fuzzy association rules,"kcc chan , wh au",,,0.1351,flag-review
0,answering queries with aggregation using views,"d srivastava , s dar , h jagadish , a levy",vldb,1996,answering sql queries using materialized views,"s dar , hv jagadish , ay levy , d srivastava","proc . 22nd international conference on very large data bases & hellip ; ,",,0.1351,flag-review
0,synthesis of extended transaction models using acta,"p chrysanthis , k ramamritham",acm trans . database syst .,1994,"p. and rama mri tham , k. 1994 . synthesis of extended transaction models using acta",n chrysa,acm transactions on database,,0.1351,flag-review
1,nearest neighbor queries,"n roussopoulos , s kelley , f vincent",sigmod conference,1995,ã cents â ? ¬ å?nearest neighbor queriesã cents â ? ¬ â ?,"n roussopoulos , s kelley , f vincent",proceedings of the 1995 acm sigmod,,0.1351,flag-review
0,is gui programming a database research problem ?,"n goyal , c hoch , r krishnamurthy , b meckler , m suckow",sigmod conference,1996,programming a database research problem,gui is,"nita goyal , charles hoch , ravi krishnamurthy , brian meckler , & hellip ; ,",,0.1351,flag-review
0,xperanto : middleware for publishing object-relational data as xml documents,"m carey , j kiernan , j shanmugasundaram , e shekita , s subramanian",vldb,2000,xperanto : publishing object-relational data as xml .,"mj carey , d florescu , zg ives , y lu , j","webdb ( informal proceedings ) ,",2000.0,0.1351,flag-review
0,tutorial : data access,,,2000,tutorial : semistructured data,p buneman,"proceedings of acm symposium on principles of database & hellip ; ,",,0.1351,flag-review
0,distributed transactions in practice,"p ram , l do , p drew",sigmod record,1999,the need for asynchronous distributed transactions,"l do , p ram , p drew","proceedings of acm sigmod conference , philadelphia ,",,0.1351,flag-review
0,databases and visualization,d keim,sigmod conference,1996,pixel-oriented database visualizations,da keim,"sigmod record ,",1996.0,0.1351,flag-review
0,multiway spatial joins,"n mamoulis , d papadias",acm trans . database syst .,2001,processing and optimization of multiway spatial joins using r-trees,"d papadias , n mamoulis , y theodoridis","proc acm sigact sigmod sigart symp princ database syst ,",1999.0,0.1351,flag-review
0,broadcast disks : data management for asymmetric communications environments,"s acharya , r alonso , m franklin , s zdonik",sigmod conference,1995,communication environments,"s acharya , r alonso , m franklin , s zdonik","proc . of acm sigmod conference ,",,0.1351,flag-review
0,sql multimedia and application packages ( sql/mm ),"j melton , a eisenberg",sigmod record,2001,standard sql/mm : sql multimedia and application packages,"k jankiewicz , m wojciechowski",,,0.1351,flag-review
0,a monte carlo algorithm for fast projective clustering,"c procopiuc , m jones , p agarwal , t murali",sigmod conference,2002,fast algorithms for projected clustering,"cc aggarwal , c procopiuc , jl wolf , ps yu , js park","sigmod conference ,",1999.0,0.1351,flag-review
0,optimization of dynamic query evaluation plans,"r cole , g graefe",sigmod conference,1994,dynamic query execution plans,"g graefe , k ward","proceedings of the acm sigmod conference , ( may",,0.1351,flag-review
0,orthogonally persistent object systems,"m atkinson , r morrison",vldb j.,1995,preface to special issue on persistent object systems,"m atkinson , r morrison","the vldb journal the international journal on very large & hellip ; ,",1995.0,0.1351,flag-review
0,"design , implementation , and performance of the lham log-structured history data access method","p muth , p o'neil , a pick , g weikum",vldb,1998,the lham log-structured history data access method,"p muth , po ` neil , a pick , g weikum","the vldb journal the international journal on very large & hellip ; ,",2000.0,0.1351,flag-review
0,integration of heterogeneous databases without common domains using queries based on textual similarity,w cohen,sigmod conference,1998,providing database-like access to the web using queries based on textual similarity,ww cohen,"sigmod conference ,",1998.0,0.1351,flag-review
0,adaptive filters for continuous queries over distributed data streams,"c olston , j jiang , j widom",sigmod conference,2003,continues queries over data streams,"s babu , j widom","sigmod record ,",,0.1351,flag-review
0,alias : an active learning led interactive deduplication system,"s sarawagi , a bhamidipaty , a kirpal , c mouli",vldb,2002,interactive deduplication using active learning,s sarawagi,,,0.1351,flag-review
0,architecture of oracle parallel server,"r bamford , d butler , b klots , n macnaughton",vldb,1998,cache coherency in oracle parallel server,b klots,"proceedings of the international conference on very large & hellip ; ,",1996.0,0.1351,flag-review
1,java and relational databases : sqlj ( tutorial ),,,1998,sqlj : java and relational databases,g clossman,,1998.0,0.1351,flag-review
0,efficient algorithms for mining outliers from large data sets,"s ramaswamy , r rastogi , k shim",sigmod conference,2000,cure : an efficient algorithm for large databases,"s guha , r rastogi , k shim","proc . acm sigmod ,",,0.1351,flag-review
1,incremental maintenance of views with duplicates,"t griffin , l libkin",sigmod conference,1995,"n , l. libkin , incremental maintenance of views with duplicates",t gri,"proceedings of the acm-sigmod conference ,",,0.1351,flag-review
0,a scalable algorithm for answering queries using views,"r pottinger , a levy",vldb,2000,answering sql queries using views,"s dar , hv jagadish , ay levy , d srivastava","proc . of vldb ,",,0.1351,flag-review
0,wavecluster : a wavelet based clustering approach for spatial data in very large databases,"g sheikholeslami , s chatterjee , a zhang",vldb j.,2000,wavecluster : a multi-resolution clustering approach for very large spatial databases,"g sheikholeslami , s chatterjee , a zhang","vldb ,",1998.0,0.1351,flag-review
0,"a distributed scientific data archive using the web , xml and sql/med","m papiani , j wason , a dunlop , d nicole",sigmod record,1999,"an architecture for management of large , distributed , scientific data using sql/med and xml .","m papiani , j wason , da nicole",,,0.129,flag-review
0,materialized view and index selection tool for microsoft sql server 2000,"s agrawal , s chaudhuri , v narasayya",sigmod conference,2001,"automated selection of materialized views and indexes for sql databases , materialized view selection","s agrawal , s chaudhuri , v narasayya","proc . of vldb , roma , italy ,",,0.129,flag-review
0,guest editorial,,,2000,guest editorial,kn ngan,ieee trans . circuits syst . video,,0.129,flag-review
0,parallel algorithms for high-dimensional similarity joins for data mining applications,"j shafer , r agrawal",vldb,1997,a fast algorithm for high-dimensional similarity joins,"k shim , r srikant , r agrawal","technical report , ibm almaden research center ,",,0.129,flag-review
0,sql multimedia and application packages ( sql/mm ),"j melton , a eisenberg",sigmod record,2001,sql multimedia application packages ( sql/mm ) - part 2 : full-text,pcisoaw draft,iso/iec sc21/wg3,,0.129,flag-review
0,editor 's notes,,,1997,editor 's notes,wmk trochim,"new directions for program evaluation ,",,0.129,flag-review
0,editor 's notes,,,2001,editor 's notes,dw leslie,"new directions for higher education ,",,0.129,flag-review
0,"panel : future directions of database research - the vldb broadening strategy , part 2",m brodie,vldb,2000,future directions of database research,"hj schek , ml brodieâ ? ¦","vldb , cairo ,",,0.129,flag-review
0,keynote address,,,1995,keynote address,t bailey,"women in aviation international conference , reno , nv , march ,",,0.129,flag-review
0,fast incremental maintenance of approximate histograms,"p gibbons , y matias , v poosala",acm trans . database syst .,2002,"gibbons , . matias , and v. poosala . fast incremental maintenance of approximate histograms",pb gmp,proceedings of the international conference on very large,,0.129,flag-review
0,"high-dimensional index structures , database support for next decade 's applications ( tutorial )","s berchtold , d keim",sigmod conference,1998,an index structure for high-dimensional data,"s berchtold , da keim , hp kriegel","procs . of the 22nd vldb conference ,",,0.129,flag-review
0,query rewriting for semistructured data,"y papakonstantinou , v vassalos",sigmod conference,1999,generating query forms and reports for semistructured data : the qursed editor,"y papakonstantinou , m petropoulos , v vassalos",,,0.129,flag-review
0,semantic caching of web queries,"b chidlovskii , u borghoff",vldb j.,2000,optimizing web queries through semantic caching,"b chidlovskii , c roncancio , ml schneider",,,0.129,flag-review
0,an algebraic approach to static analysis of active database rules,"e baralis , j widom",acm trans . database syst .,2000,an algebraic approach to rule analysis in expert database systems,"e baralis , j widom","proceedings of the international conference on very large & hellip ; ,",1994.0,0.129,flag-review
0,the ccube constraint object-oriented database system,"a brodsky , v segal , j chen , p exarkhopoulo",sigmod conference,1999,the o 2 object-oriented database system,f bancilhon,proceedings of the 1992 acm sigmod-international conference,,0.129,flag-review
0,lore : a lightweight object repository for semistructured data,"d quass , j widom , r goldman , k haas , q luo , j mchugh , s nestorov , a rajaraman , h rivero , s abiteboul , j ullman , j wiener",sigmod conference,1996,lore : a database management system for semistructured data,"s abiteboul , j mchugh , d quass , j widom , r goldman","sigmod record ,",,0.129,flag-review
0,guest editor 's introduction,,,2003,guest editor 's introduction : new vlsi tools,"dd gajski , r kuhn","ieee computer ,",,0.129,flag-review
0,balancing push and pull for data broadcast,"s acharya , m franklin , s zdonik",sigmod conference,1997,data staging for ondemand broadcast,"d aksoy , m franklin , s zdonik","& hellip ; of the 27th international conference on very large data & hellip ; ,",,0.129,flag-review
0,efficient algorithms for mining outliers from large data sets,"s ramaswamy , r rastogi , k shim",sigmod conference,2000,cure : an efficient clustering algorithm for large data databases,"s guha , r rastogi , k shim","proc . of the acm sigmod ,",,0.129,flag-review
0,"research and practice in federated information systems , report of the efis ' 2000 international workshop",,,2000,engineering federated information systems : report of efis '99 workshop .,acms anthology,"sigmod record ,",1999.0,0.129,flag-review
0,guest editorial,,,2003,guest editorial,aw czarnik,"acc . chem . res ,",,0.129,flag-review
0,approximate query processing using wavelets,"k chakrabarti , m garofalakis , r rastogi , k shim",vldb j.,2001,approximate query processing : taming the terabytes,"mn garofalakis , pb gibbon","proceedings of the 27th international conference on very & hellip ; ,",2001.0,0.129,flag-review
1,fast algorithms for mining association rules in large databases,"r agrawal , r srikant",vldb,1994,srikant . fast algorithmsformining association rules,r agrawal andr,"proceedings of the 20th international conference on very & hellip ; ,",,0.129,flag-review
1,automation in information extraction and data integration,,,2002,automation in information extraction and data integration,s sarawagi,"vldb ,",,0.129,flag-review
1,index concurrency control in firm real-time database systems,"b goyal , j haritsa , s seshadri , v srinivasan",vldb,1995,index concurrency control in firm real-time databases,sr narayanan,,1997.0,0.129,flag-review
0,disima : a distributed and interoperable image database system,"v oria , m жzsu , p iglinski , s lin , b yao",sigmod conference,2000,building an interoperable distributed image database management system,b yao,,,0.129,flag-review
0,editor 's notes,,,1997,editor 's notes,sb merriam,"new directions for adult and continuing education ,",,0.129,flag-review
0,an overview of data warehousing and olap technology,"s chaudhuri , u dayal",sigmod record,1997,"decision support , data warehousing and olap , 1996","s chaudhuri , u dayal","vldb tutorial , bombay ,",,0.129,flag-review
0,mining generalized association rules,"r srikant , r agrawal",vldb,1995,mining quantitative association rules in large relation tables,"r sirkant , r agrawal","proceedings of acm sigmod conference of management of data ,",,0.129,flag-review
0,guest editor 's introduction,,,1998,guest editor 's introduction,wc newstetter,journal of the learning,,0.129,flag-review
0,lore : a lightweight object repository for semistructured data,"d quass , j widom , r goldman , k haas , q luo , j mchugh , s nestorov , a rajaraman , h rivero , s abiteboul , j ullman , j wiener",sigmod conference,1996,j. wid om . lore : a database management system for semistructured data,"j mchugh , s abiteboul , r goldman , d quass","sigmod record ,",,0.129,flag-review
0,data mining : concepts and techniques - book review,"f galiano , n marэn",sigmod record,2002,data mining : concepts and techniques by jiawei han and micheline kamber,"f berzal , n matãn","acm sigmod record ,",2002.0,0.129,flag-review
0,keynote address,,,1995,keynote address,p brown,"european conference on hypertext ( paris , 1990 ) , cambridge & hellip ; ,",,0.129,flag-review
0,mining generalized association rules,"r srikant , r agrawal",vldb,1995,privacy preserving of association rules,"r agrawal , r srikant , a evfimievski , j gehrke","proceeding of 8th acm sigmod conference on knowledge & hellip ; ,",,0.129,flag-review
0,keynote address,,,1995,keynote address,t berners-lee,seventh international world wide web conference,,0.129,flag-review
0,editor 's notes,,,2001,editor 's notes,r diem,"social studies and the young learner ,",,0.129,flag-review
0,on the computation of multidimensional aggregates,"s agarwal , r agrawal , p deshpande , a gupta , j naughton , r ramakrishnan , s sarawagi",vldb,1996,storage estimation for multidimensional aggregates in the presence of hierarchies,"a shukla , p deshpande","vldb ,",1996.0,0.129,flag-review
0,converting relational to object-oriented databases,j fong,sigmod record,1997,translating update operations from relational to object-oriented databases,"pm reppert , fd morgan , mn toksoz , x zhang , j fong","information and software technology ,",2000.0,0.129,flag-review
1,data placement in shared-nothing parallel database systems,"m mehta , d dewitt",vldb j.,1997,data placement in shared-nothing parallel database systems,s padmanabhan,,1992.0,0.129,flag-review
0,editor 's notes,,,1997,editor 's notes,te cyrs,"new directions for teaching and learning ,",,0.129,flag-review
0,"ratio rules : a new paradigm for fast , quantifiable data mining","f korn , a labrinidis , y kotidis , c faloutsos",vldb,1998,quantifiable data mining using ratio rules,"f korn , a labrinidis , y kotidis , c faloutsos","the vldb journal the international journal on very large & hellip ; ,",2000.0,0.1176,flag-review
0,query decomposition and view maintenance for query languages for unstructured data,d suciu,vldb,1996,a query languageand optimizationtechnieques for unstructured data,"p buneman , s davidson , g hillebrand , d suciu",proceedings of the acm sigmod international conference on,,0.1176,flag-review
0,privacy-preserving data mining,"r agrawal , r srikant",sigmod conference,2000,privacy-preserving data mining : developments and directions,b thuraisingham,journal of database,,0.1176,flag-review
0,"o-o , what have they done to db2 ?","m carey , d chamberlin , s narayanan , b vance , d doole , s rielau , r swagerman , n mattos",vldb,1999,"oo , what 's happening to db2 ?","m carey , d chamberlin","proc . acm sigmod int &#39; l conf . management of data ,",1999.0,0.1176,flag-review
0,exploratory mining via constrained frequent set queries,"r ng , l lakshmanan , j han , t mah",sigmod conference,1999,optimization of constrained frequent set queries : 2-var constraints,"lvs lakshmanan , r ng , j han , a pang",3rd sigmodâ ?? 98 workshop on research issues in data mining,,0.1176,flag-review
0,retrieval of composite multimedia objects,"s chaudhuri , s ghandeharizadeh , c shahabi",vldb,1995,on scheduling atomic and composite multimedia objects,"c shahabi , s ghandeharizadeh , s chaudhuri",,,0.1176,flag-review
0,approximate xml joins,"s guha , h jagadish , n koudas , d srivastava , t yu",sigmod conference,2002,approximate joins : concepts and techniques,"n koudas , d srivastava","proceedings of the 31st international conference on very & hellip ; ,",2005.0,0.1176,flag-review
0,wrapper generation for semi-structured internet sources,"n ashish , c knoblock",sigmod record,1997,hierarchical wrapper induction for semistructured information sources,"i muslea , s minton , ca knoblock","autonomous agents and multi-agent systems ,",2001.0,0.1176,flag-review
0,disima : a distributed and interoperable image database system,"v oria , m жzsu , p iglinski , s lin , b yao",sigmod conference,2000,disima distributed image database system : experiences and reflections,"m tamerozsu , v oria , pj iglinski",,,0.1176,flag-review
0,odefs : a file system interface to an object-oriented database,"n gehani , h jagadish , w roome",vldb,1994,event specification in an object-oriented database,"nh gehani , hv jagadish , o shmueli",proceedings international conference on management of,,0.1176,flag-review
0,querying multi-dimensional data indexed using the hilbert space-filling curve,"j lawder , p king",sigmod record,2001,using space-filling curves for multi-dimensional indexing,"jk lawder , pjh king",,,0.1176,flag-review
0,data integration and warehousing in telecom italia,"s trisolini , m lenzerini , d nardi",sigmod conference,1999,enterprise modeling and data warehousing in telecom italia,"d calvanese , l dragone , d nardi , r rosati , sm",,,0.1176,flag-review
1,orthogonally persistent object systems,"m atkinson , r morrison",vldb j.,1995,"mp and morris on , r. 1995 . orthogonally persistent systems",on atkins,the vldb,,0.1176,flag-review
0,integration of data mining with database technology,"a netz , s chaudhuri , j bernhardt , u fayyad",vldb,2000,integrating data mining with sql database : ole db fro data mining,"a netz , s chaudhuri , u fayyad , j bernhardt",microsoft,,0.1176,flag-review
0,optimization techniques for queries with expensive methods,j hellerstein,acm trans . database syst .,1998,predicate migration : optimizing queries with expensive predicates,jm hellerstein,,,0.1176,flag-review
0,efficient view maintenance at data warehouses,"d agrawal , a abbadi , a singh , t yurek",sigmod conference,1997,the lord of the rings : efficient maintenance of views at data warehouses,"d agrawal , a mostefaoui , m raynal , m roy",,,0.1176,flag-review
0,"data-driven , one-to-one web site generation for data-intensive applications","s ceri , p fraternali , s paraboschi",vldb,1999,design principles for data-intensive web sites,"s ceri , p fraternali , s paraboschi","sigmod record ,",1999.0,0.0847,flag-review
0,closest pair queries in spatial databases,"a corral , y manolopoulos , y theodoridis , m vassilakopoulos",sigmod conference,2000,algorithms for processing k-closest-pair queries in spatial databases,"a corral , y manolopoulos , y theodoridis , m","data & knowledge engineering ,",2004.0,0.0847,flag-review
0,"semi-automatic , self-adaptive control of garbage collection rates in object databases","j cook , a klauser , a wolf , b zorn",sigmod conference,1996,effectively controlling garbage collection rates in object databases,"j cook , a klauser , a wolf , b zorn",,,0.0847,flag-review
0,mining quantitative association rules in large relational tables,"r srikant , r agrawal",sigmod conference,1996,fast algorithms for mining association rules in large datab as es,"r agrawal , r srikant","proceedings of the 20th international conference on very & hellip ; ,",,0.0847,flag-review
0,"lh * - a scalable , distributed data structure","w litwin , m neimat , d schneider",acm trans . database syst .,1996,scalable distributed data structure,ddsa lh,,,0.0847,flag-review
0,distance browsing in spatial databases,"g hjaltason , h samet",acm trans . database syst .,1999,incremental distance join algorithms for spatial databases,grhh samet,proc . of the acm sigmod,,0.0847,flag-review
0,archiving scientific data,"p buneman , s khanna , k tajima , w tan",sigmod conference,2002,optical archiving for scientific data,b lowrey,,,0.0847,flag-review
0,lineage tracing for general data warehouse transformations,"y cui , j widom",vldb,2001,lineage tracing in a data warehousing system,"d proposal , y cui , j widom",,,0.0847,flag-review
1,qc-trees : an efficient summary structure for semantic olap,"l lakshmanan , j pei , y zhao",sigmod conference,2003,quotient cube and qc-tree : efficient summarizations for semantic olap,y zhao,,2003.0,0.0847,flag-review
0,exploratory mining via constrained frequent set queries,"r ng , l lakshmanan , j han , t mah",sigmod conference,1999,optimization of constrained frequent set queries with 2-variable constraints,"lvs laksmanan , rt ng , j han , a pang","proc . acm sigmod ( philadelphia , pennsylvania ,",,0.0847,flag-review
0,influence sets based on reverse nearest neighbor queries,"f korn , s muthukrishnan",sigmod conference,2000,on reverse nearest neighbor queries,"a maheshwari , j vahrenhold , n zeh",,,0.0847,flag-review
0,guest editorial,,,2002,guest editorial,"pa bernstein , y ioannidis , r ramakrishnan","the vldb journal the international journal on very large & hellip ; ,",2003.0,0.0847,flag-review
0,architecture of oracle parallel server,"r bamford , d butler , b klots , n macnaughton",vldb,1998,â ?? the oracle parallel server architecture,i lloyd,proceedings,,0.0847,flag-review
1,carnot and infosleuth : database technology and the world wide web,"d woelk , w bohrer , n jacobs , k ong , c tomlinson , c unnikrishnan",sigmod conference,1995,carnot and infosleuth-database technology and the www . acm sigmod intern . conf . on management of,"n jacobs , r shea","proc . acm sigmod intern . conf . on management of data ,",,0.0847,flag-review
0,the tv-tree : an index structure for high-dimensional data,"k lin , h jagadish , c faloutsos",vldb j.,1994,"the x-tree : an index structure for higher dimensional data , in `` proc","s berchtold , da keim , hp kriegel","22th vldb conference ,",,0.0847,flag-review
0,mining generalized association rules,"r srikant , r agrawal",vldb,1995,fastalgorithmsformining association rules,rar srikant,"proc . of the vldb conference , santiago , chile , september ,",,0.0847,flag-review
0,state of the art in workflow management research and products,,,1996,state of the art of commercial technology and research in workflow management,a sheth,,,0.0847,flag-review
0,spatial operators,"e clementini , p felice",sigmod record,2000,scalability of spatial operators,"h kemppainen , j albrecht","gis lis-international conference - ,",,0.0847,flag-review
0,"research and practice in federated information systems , report of the efis ' 2000 international workshop",,,2000,engineering federated information systems : report of efis '99 workshop,"s conrad , w hasselbring , u hohenstein , rd kutsche ,","sigmod record ,",1999.0,0.0847,flag-review
0,irisnet : an architecture for internet-scale sensing services,"s nath , a deshpande , y ke , p gibbons , b karp , s seshan",vldb,2003,iris : internet-scale resource-intensive sensor services,"a deshpande , s nath , pb gibbons , s seshan",,,0.0847,flag-review
0,congressional samples for approximate answering of group-by queries,"s acharya , p gibbons , v poosala",sigmod conference,2000,join synopses for approximate query answering,"s acharya , pb gibbons",,,0.0847,flag-review
0,optimization of constrained frequent set queries with 2-variable constraints,"l lakshmanan , r ng , j han , a pang",sigmod conference,1999,exploratory mining via constrained frequent set queries,"r ng , lvs lakshmanan , j han , t mah","sigmod conference ,",1999.0,0.0847,flag-review
0,pbir - perception-based image retrieval,"e chang , t cheng , l chang",sigmod conference,2001,for image retrieval,"e chang , s tong",,,0.0847,flag-review
0,an overview of repository technology,"p bernstein , u dayal",vldb,1994,an overview of data warehousing and olap technology,"sc cd971 , u dayal","sigmod record , vol26 ( 1 ) ,",,0.0847,flag-review
0,editor 's notes,,,1997,editors ' notes,"c knapper , s piccinin","new directions for teaching and learning ,",,0.0847,flag-review
0,dynamic buffer allocation in video-on-demand systems,"s lee , k whang , y moon , i song",sigmod conference,2001,dynamic buffer management for near video-on-demand systems,"wj tsai , sy lee","multimedia tools and applications ,",1998.0,0.0847,flag-review
0,calls for papers and announcements,,sigmod record,1995,ispp announcements,igs complimentary,,,0.0847,flag-review
0,quorum consensus in nested transaction systems,"k goldman , n lynch",acm trans . database syst .,1994,data replication in nested transaction systems,kj goldman,"massachusetts institute of technology , cambridge , ma ,",1987.0,0.0847,flag-review
0,an overview of data warehousing and olap technology,"s chaudhuri , u dayal",sigmod record,1997,an overview of repository technology,"pa bernstein , u dayal","vldb ,",1994.0,0.0847,flag-review
0,evolution of groupware for business applications : a database perspective on lotus domino/notes,"c mohan , r barber , s watts , a somani , m zaharioudakis",vldb,2000,a database perspective on lotus domino/notes,c mohan,"sigmod conference ,",1999.0,0.0847,flag-review
0,peer-to-peer : harnessing the power of disruptive technologies,m nascimento,sigmod record,2003,"peer-to-peer : harnessing the power of disruptive technologies , chapter 8",g kan,,2001.0,0.0847,flag-review
0,"proceedings of the 2000 acm sigmod international conference on management of data , may 16-18 , 2000 , dallas , texas , usa",,,2000,source international conference on management of data archive,"s mehrotra , t sellis","proceedings of the 2001 acm sigmod international conference & hellip ; ,",2001.0,0.0847,flag-review
0,continuous queries over data streams,"s babu , j widom",sigmod record,2001,continuously adaptive continuous queries over streams,"j hellerstein , s madden , v raman , m shah","proc . 2002 acm sigmod conf ,",,0.0847,flag-review
0,birch : an efficient data clustering method for very large databases,"t zhang , r ramakrishnan , m livny",sigmod conference,1996,cure : an efficient clustering algorithm for large databases,"g sudipto , r rastogi , k shim","proceedings of acm sigmod international conference on & hellip ; ,",,0.0847,flag-review
0,languages for multi-database interoperability,"f gingras , l lakshmanan , i subramanian , d papoulis , n shiri",sigmod conference,1997,andi . n. subramanian . schemasql-a languagefor interoperabilityin relationalmulti-database systems,"l lakshmanan , f sadri","proc . vldb conf ,",,0.0847,flag-review
0,fast parallel similarity search in multimedia databases,"s berchtold , c bіhm , b braunmќller , d keim , h kriegel",sigmod conference,1997,adaptable similarity search in large image databases,"t seidl , hp kriegel",,,0.0847,flag-review
0,"data mining using two-dimensional optimized accociation rules : scheme , algorithms , and visualization","t fukuda , y morimoto , s morishita , t tokuyama",sigmod conference,1996,data mining with optimized two-dimensional association rules,"t fukuda , y morimoto , s morishita , t tokuyama","acm transactions on database systems ,",2001.0,0.0847,flag-review
0,the algres testbed of chimera : an active object-oriented database system,"s ceri , p fraternali , s paraboschi , g psaila",sigmod conference,1995,"the architecture of an active , object-oriented database system","d mccarthy , u dayal","proc . 1989 acm-sigmod conference on management of data , & hellip ; ,",,0.0847,flag-review
0,report on first international workshop on real-time database systems,,,1996,special issue on real-time database systems,sh son,"acm sigmod record ,",,0.0847,flag-review
0,the design of an acquisitional query processor for sensor networks,"s madden , m franklin , j hellerstein , w hong",sigmod conference,2003,query processing in sensor networks,"j gehrke , s madden",,,0.0847,flag-review
0,energy-performance trade-offs for spatial access methods on memory-resident data,"n an , s gurumurthi , a sivasubramaniam , n vijaykrishnan , m kandemir , m irwin",vldb j.,2002,analyzing energy behavior of spatial access methods for memory-resident data,"n an , a sivasubramaniam , n vijaykrishnan , m","proceedings of the international conference on very large & hellip ; ,",2001.0,0.0847,flag-review
0,efficient retrieval of similar shapes,"d rafiei , a mendelzon",vldb j.,2002,feature-based retrieval of similar shapes,"r mehrotra , je gary",,,0.0847,flag-review
0,query decomposition and view maintenance for query languages for unstructured data,d suciu,vldb,1996,a query language and optimization techniques for unstructured dataâ '' in sigmod,"p buneman , s davidson , g hillebrand , d suciu","san diego ,",,0.0847,flag-review
0,investigation of algebraic query optimisation techniques for database programming languages,"a poulovassilis , c small",vldb,1994,formal foundations for optimising aggregation functions in database programming languages,"a poulovassilis , c small",,,0.0847,flag-review
0,the ccube constraint object-oriented database system,"a brodsky , v segal , j chen , p exarkhopoulo",sigmod conference,1999,metu object-oriented database system,a dogacâ ? ¦,"demo description , in the proc . acm sigmod intl. conf . on & hellip ; ,",,0.0847,flag-review
0,theory of answering queries using views,a halevy,sigmod record,2000,answering sql queries using views,"s dar , hv jagadish , ay levy , d srivastava","proc . of vldb ,",,0.0847,flag-review
1,shoring up persistent applications,"m carey , d dewitt , m franklin , n hall , m mcauliffe , j naughton , d schuh , m solomon , c tan , o tsatalos , s white , m zwilling",sigmod conference,1994,"shoring up persistent applications , acm sigmod international conference on management of data","mj carey , dj dewitt , mj franklinâ ? ¦","minneapolis , minnesota . may ,",,0.0847,flag-review
0,bottom-up computation of sparse and iceberg cubes,"k beyer , r ramakrishnan",sigmod conference,1999,experiments with bottom-up computation of sparse and iceberg cubes,s greve,,2000.0,0.0847,flag-review
0,approximate query translation across heterogeneous information sources,"k chang , h garcia-molina",vldb,2000,boolean query mapping across heterogeneous information sources ( extended version ),"kcc chang , h garcia-molina , a paepcke","ieee transactions on knowledge & data engineering ,",1996.0,0.0847,flag-review
0,theory of answering queries using views,a halevy,sigmod record,2000,"answering queries using views : a survey , 2000",ay levy,,,0.0847,flag-review
0,grid data management systems & services,,,2003,data management system for grid and portal services,"p grzybowski , c mazurek , m wolski",,,0.0847,flag-review
0,further improvements on integrity constraint checking for stratifiable deductive databases,"s lee , t ling",vldb,1996,integrity constraint in deductive databases,"ra kowalski , f sadri , p soper","proceedings of the 13th vldb conference , brighton",,0.0847,flag-review
0,an overview of repository technology,"p bernstein , u dayal",vldb,1994,an overview of data warehousing and olap technology .,"s chaudhri , u dayal",,1997.0,0.0847,flag-review
0,selectivity estimation in spatial databases,"s acharya , v poosala , s ramaswamy",sigmod conference,1999,selectivity estimation for spatial joins,"n an , zy yang , a sivasubramaniam",,,0.0847,flag-review
0,vice chair 's message,,,2000,sigcas chair 's message,cd martin,"computers and society ,",,0.0847,flag-review
0,constraint databases : a tutorial introduction,j bussche,sigmod record,2000,introduction to constraint databases,pz revesz,,2002.0,0.0847,flag-review
0,mining multi-dimensional constrained gradients in data cubes,"g dong , j han , j lam , j pei , k wang",vldb,2001,"constraint-based , multidimensional data mining",j han,,,0.0847,flag-review
0,modelling and querying video data,"r hjelsvold , r midtstraum",vldb,1994,modeling and querying video databases,"c decleir , ms hacid",,,0.0847,flag-review
0,flexible support for multiple access control policies,"s jajodia , p samarati , m sapino , v subrahmanian",acm trans . database syst .,2001,a unified framework for enforcing multiple access control policies,"s jajodia , p samarati , vs subrahmanian , e bertino",,,0.0847,flag-review
0,the design of a retrieval technique for high-dimensional data on tertiary storage,"r orlandic , j lukaszuk , c swietlik",sigmod record,2002,a retrieval technique for high-dimensional data and partially specified queries,"r orlandic , b yu","data and knowledge engineering ,",2002.0,0.0847,flag-review
1,multi-dimensional resource scheduling for parallel queries,"m garofalakis , y ioannidis",sigmod conference,1996,multi-resource parallel query scheduling and optimization,"mn garofalakis , ye ioannidis",,,0.0847,flag-review
0,the query by image content ( qbic ) system,"j ashley , m flickner , j hafner , d lee , w niblack , d petkovic",sigmod conference,1995,ã cents â ? ¬ å?query by image and video content : the qbic systemã cents â ? ¬ â ?,"m flickner , h sawhney , w niblack , j ashley , q","ieee computer ,",,0.0847,flag-review
0,a multimedia presentation algebra,"s adali , m sapino , v subrahmanian",sigmod conference,1999,a multi-similarity algebra,"s adal , p bonatti , ml sapino , vs subrahmanian",,,0.0847,flag-review
0,guest editorial,,,2000,guest editor,a dogac,"acm sigmod record special section on electronic commerce ,",,0.0847,flag-review
0,an overview of repository technology,"p bernstein , u dayal",vldb,1994,an overview of data warehousing and olap technology,"u dayal , s chaudhuri","acm sigmod record ,",,0.0847,flag-review
0,managing intervals efficiently in object-relational databases,"h kriegel , m pіtke , t seidl",vldb,2000,joining interval data in relational databases,"j enderle , m hampel , t seidl","proceedings of the 2004 acm sigmod international conference & hellip ; ,",2004.0,0.0847,flag-review
0,editorial,,,2002,editorial,p smyth,"bt technology journal ,",2003.0,0.0847,flag-review
0,extracting structured data from web pages,"a arasu , h garcia-molina",sigmod conference,2003,a. crespo : extracting semistructured information from the web,"j hammer , h garcia-molina , j cho , r aranha","sigmod record ,",,0.0847,flag-review
0,middle east technical university software research and development center,a dogac,sigmod record,1996,software research and development center,"c dengi , e gokkoca , c evrendilek , p karagoz , e","sigmod record ,",1996.0,0.0847,flag-review
0,guest editor 's introduction,,,2002,guest editor 's introduction,k aberer,"acm sigmod record ,",2003.0,0.0847,flag-review
0,the lyric language : querying constraint objects,"a brodsky , y kornatzky",sigmod conference,1995,"kornatzky . ( 1995 ) . thelyric language : queringconstraintobjects . incareyandschneider , editors",a brodsky & y,proc . acm sigmod international conference on management of,,0.0847,flag-review
0,improving index performance through prefetching,"s chen , p gibbons , t mowry",sigmod conference,2001,improving performance through object fusion,"n hardavellas , s chen",,,0.0847,flag-review
0,multi-step processing of spatial joins,"t brinkhoff , h kriegel , r schneider , b seeger",sigmod conference,1994,1993 . efficient processing ofspatial joins using r-trees,"t brinkho , hp kriegel , b seeger",proc . acm sigmod int . conf . on management of,,0.0847,flag-review
0,efficiently publishing relational data as xml documents,"j shanmugasundaram , e shekita , r barr , m carey , b lindsay , h pirahesh , b reinwald",vldb,2000,xperanto : middleware for publishing object-relational data as xml documents,"mj carey , j kiernan , j shanmugasundaram , ej","vldb ,",2000.0,0.0847,flag-review
0,editor 's notes,l liu,sigmod record,2003,editor 's notes,nl smith,"new directions for program evaluation ,",1981.0,0.0847,flag-review
0,guest editor 's introduction,,,2002,guest editor 's introduction,k aberer,"acm sigmod record ,",2003.0,0.0847,flag-review
0,tracing the lineage of view data in a warehousing environment,"y cui , j widom , j wiener",acm trans . database syst .,2000,view maintenance in a warehouse environment,"y zhuge , h garcia-molina , jl wiener","acm sigmod int . conf . on management of data ,",,0.0847,flag-review
1,watermarking relational databases,"r agrawal , j kiernan",vldb,2002,"watermarking relational data : framework , algorithms and analysis","r agrawal , pj haas , j kiernan","the vldb journal the international journal on very large & hellip ; ,",2003.0,0.0847,flag-review
0,range queries in olap data cubes,"c ho , r agrawal , n megiddo , r srikant",sigmod conference,1997,rangequeriesinolapdata cubes,ct hoetal,"proceedings of the 1997 acm sigmod international conference & hellip ; ,",,0.0847,flag-review
0,a scalable algorithm for answering queries using views,"r pottinger , a levy",vldb,2000,y. sagiv answering queries using views,"ay levy , ao mendelzon","proc of the 16th acm sigact sigmod sigart symp on principles & hellip ; ,",,0.0847,flag-review
0,a performance study of transitive closure algorithms,"s dar , r ramakrishnan",sigmod conference,1994,direct transitive closure algorithms : design and performance evaluation,"r agrawal , s dar , hv jagadish","acm transactions on database systems ,",1990.0,0.0847,flag-review
0,meaningful change detection in structured data,"s chawathe , h garcia-molina",sigmod conference,1997,managing and querying changes in semi-structured data,"s chawathe , s abiteboul , j widom","proceedings of acm sigmod conference ,",,0.0847,flag-review
0,implementation of two semantic query optimization techniques in db2 universal database,"q cheng , j gryz , f koo , t leung , l liu , x qian , k schiefer",vldb,1999,query sampling in db2 universal database,"j gryz , j guo , l liu , c zuzarte","proceedings of the 2004 acm sigmod international conference & hellip ; ,",2004.0,0.0847,flag-review
0,an extendible hash for multi-precision similarity querying of image databases,"s lin , m жzsu , v oria , r ng",vldb,2001,an extendible hashing structure for image similarity searches,s lin,,,0.0847,flag-review
0,secure bufering in firm real-time database systems,"b george , j haritsa",vldb j.,2000,index concurrency control in firm real-time database systems,"b goyal , jr haritsa , s seshadri , v srinivasan","proceedings of the 21th international conference on very & hellip ; ,",1995.0,0.0847,flag-review
0,guest editorial,,,2003,guest editorial,ay halevy,"the vldb journal the international journal on very large & hellip ; ,",2002.0,0.0847,flag-review
0,an efficient cost-driven index selection tool for microsoft sql server,"s chaudhuri , v narasayya",vldb,1997,materialized view and index selection tool for microsoft sql server 2000,"s agrawal , s chaudhuri , v narasayya","sigmod conference ,",2001.0,0.0847,flag-review
0,s3 : similarity search in cad database systems,"s berchtold , h kriegel",sigmod conference,1997,fast parallel similarity search in multimedia databases,s berchtold,"sigmod conference ,",1997.0,0.0847,flag-review
0,editor 's notes,l liu,sigmod record,2003,editor 's notes,nl smith,"new directions for program evaluation ,",1981.0,0.0847,flag-review
0,the lotus notes storage system,k moore,sigmod conference,1995,the postgres storage system,m stonebraker,"proc . 1987 vldb conference , brighton , england , sept ,",,0.0847,flag-review
0,"object-relational database systems : principles , products , and challenges ( tutorial )",,,1997,active database systems ( tutorial notes ),"kr dittrich , u dayal","& hellip ; seventeenth international conference on very large databases & hellip ; ,",,0.0847,flag-review
0,editorial,,,2002,editorial,"d ralph , s searby","bt technology journal ,",2003.0,0.0847,flag-review
0,editor 's notes,l liu,sigmod record,2002,editor 's notes,nl smith,"new directions for program evaluation ,",1981.0,0.0847,flag-review
0,an extension of the relational data model to incorporate ordered domains,w ng,acm trans . database syst .,2001,an extension of sql to support ordered domains in relational databases,"w ng , m levene",,,0.0847,flag-review
0,theory of answering queries using views,a halevy,sigmod record,2000,minicon : a scalable algorithm for answering queries using views,"r pottinger , a halevy","the vldb journal the international journal on very large & hellip ; ,",2001.0,0.0847,flag-review
0,guest editorial,,,2003,guest editor,a dogac,"acm sigmod record special section on electronic commerce ,",,0.0847,flag-review
0,editor 's notes,l liu,sigmod record,2001,editor 's notes,nl smith,"new directions for program evaluation ,",1981.0,0.0847,flag-review
0,multi-dimensional database allocation for parallel data warehouses,"t stіhr , h mфrtens , e rahm",vldb,2000,warlock : a data allocation tool for parallel warehouses,"t stoehr , e rahm","vldb ,",2001.0,0.0847,flag-review
0,an authorization system for digital libraries,"e ferrari , n adam , v atluri , e bertino , u capuozzo",vldb j.,2002,an authorization system for temporal data,"a gal , v atluri , g xu",,,0.0847,flag-review
0,lore : a database management system for semistructured data,"j mchugh , s abiteboul , r goldman , d quass , j widom",sigmod record,1997,management of semistructured data,d suciu,"sigmod record ,",1997.0,0.0709,flag-review
0,privacy-preserving data mining,"r agrawal , r srikant",sigmod conference,2000,data mining,"p adriaans , d zantinge",,1997.0,0.04,flag-review
0,monotonic complements for independent data warehouses,"d laurent , j lechtenbіrger , n spyratos , g vossen",vldb j.,2001,independent components of data bases,"fb bs , n spyratos",,1981.0,0.04,flag-review
1,on processing xml in ldap,"p marrѓn , g lausen",vldb,2001,processing xml in ldap and its application to caching,pj marron,"phd thesis , universitat freiburg , october",,0.04,flag-review
0,improving index performance through prefetching,"s chen , p gibbons , t mowry",sigmod conference,2001,improving performance through object fusion,"s chen , n hardavellas",,,0.04,flag-review
0,data placement in shared-nothing parallel database systems,"m mehta , d dewitt",vldb j.,1997,managing intra-operator parallelism in parallel database systems,m mehta,"proceedings of the international conference on very large & hellip ; ,",1995.0,0.04,flag-review
0,outlier detection for high dimensional data,"c aggarwal , p yu",sigmod conference,2001,re-designing distance functions and distance based applications for high dimensional data,cc aggarwal,"sigmod record ,",2001.0,0.04,flag-review
0,"proceedings of the 2002 acm sigmod international conference on management of data , madison , wisconsin , june 3-6 , 2002",,,2002,source international conference on management of data archive,"s mehrotra , t sellis","proceedings of the 2001 acm sigmod international conference & hellip ; ,",2001.0,0.04,flag-review
0,managing multiple and distributed ontologies on the semantic web,"a maedche , b motik , l stojanovic",vldb j.,2003,mafraâ ?? a mapping framework for distributed ontologies in the semantic web,"a maedche , b motik , n silva , r volz",,,0.04,flag-review
0,a performance study of transitive closure algorithms,"s dar , r ramakrishnan",sigmod conference,1994,hybrid transitive closure algorithms,"r agrawal , hv jagadish","vldb ,",1990.0,0.04,flag-review
0,the tv-tree : an index structure for high-dimensional data,"k lin , h jagadish , c faloutsos",vldb j.,1994,hans-peter . kriegel . the x-tree : an index structure for high-dimensional data,"s berchtold , da keim",proceedings of the 22nd vldb,,0.04,flag-review
0,advanced xml data processing - guest editor 's introduction,k aberer,sigmod record,2001,guest editor 's introduction,y singer,"machine learning ,",2001.0,0.04,flag-review
0,an efficient algorithm for mining association rules in large databases,"a savasere , e omiecinski , s navathe",vldb,1995,an efficient hash based algorithm for mining association rules,"js park , ms chen , ps yu","proc . acm sigmod intâ ?? l conf . on management of data ,",,0.04,flag-review
0,the ccube constraint object-oriented database system,"a brodsky , v segal , j chen , p exarkhopoulo",sigmod conference,1999,the o2 object-oriented database system,f bancilhon,"proceedings of the 1992 acm sigmod international conference & hellip ; ,",1992.0,0.04,flag-review
0,fast incremental indexing for full-text information retrieval,"e brown , j callan , w croft",vldb,1994,supporting full-text information retrieval with,"po store , ew brown , jp callan , wb croft , jeb moss",,,0.04,flag-review
0,s3 : similarity search in cad database systems,"s berchtold , h kriegel",sigmod conference,1997,efficient user-adaptable similarity search in large multimedia databases,"s thomas , h kriegel","proc . 23th int . conf . on vldb ,",,0.04,flag-review
0,xmark : a benchmark for xml data management,"a schmidt , f waas , m kersten , m carey , i manolescu , r busse",vldb,2002,xml data management,"p fankhauser , a halevy","the vldb journal ,",,0.04,flag-review
0,introduction to the career forum column,a labrinidis,sigmod record,2001,introduction,rm keesing,"see herdt ,",,0.04,flag-review
0,wavelet synopses with error guarantees,"m garofalakis , p gibbons",sigmod conference,2002,wavelet synopses for general error metrics,"m garofalakis , a kumar",,,0.04,flag-review
0,enhanced abstract data types in object-relational databases,p seshadri,vldb j.,1998,andr . ramakrishnan . the case forenhanced abstract data types,"p seshadri , m livny","inproceedings of the23th vldb conference , athens , greece , & hellip ; ,",,0.04,flag-review
0,fast algorithms for mining association rules in large databases,"r agrawal , r srikant",vldb,1994,parallel mining of association rules,"r agrawal , jc shafer",,,0.04,flag-review
0,grid data management systems & services,,,2003,management of it services,"m feridum , gd rodosek","computer networks ,",,0.04,flag-review
0,the semantic web : semantics for data on the web,,,2003,cream : cream metadata for the semantic web,"s handschuh , s staab","computer networks ,",,0.04,flag-review
0,comparative analysis of six xml schema languages,"d lee , w chu",sigmod record,2000,comparative analysis of five xml query languages .,acms anthology,"sigmod record ,",2000.0,0.04,flag-review
0,integrating dynamically-fetched external information into a dbms for semistructured data,"j mchugh , j widom",sigmod record,1997,ozone : integrating structured and semistructured data,"s abiteboul , r goldman , t lahiri , j mchugh , j","technical report , stanford university database group ,",,0.04,flag-review
0,strudel : a web-site management system,"m fernandez , d florescu , j kang , a levy , d suciu",sigmod conference,1997,system demonstration-strudel : a web-site management system,m fernandezâ ? ¦,,1997.0,0.04,flag-review
0,advanced xml data processing - guest editor 's introduction,k aberer,sigmod record,2001,guest editor 's introduction,wb elley,"international journal of educational research ,",2001.0,0.04,flag-review
0,a normal form for precisely characterizing redundancy in nested relations,"w mok , y ng , d embley",acm trans . database syst .,1996,a new normal form for nested relations,"z meral ozsoyoglu , ly yuan","acm transactions on database systems ,",,0.04,flag-review
0,cure : an efficient clustering algorithm for large databases,"s guha , r rastogi , k shim",sigmod conference,1998,birch : an efficient data clustering method for very large databases,tzrrm livny,,1998.0,0.04,flag-review
0,on the issue of valid time ( s ) in temporal databases,"s kokkotos , e ioannidis , t panayiotopoulos , c spyropoulos",sigmod record,1995,temporal databases,"i ahn , r snodgrass","ieee computer ,",,0.04,flag-review
0,wise-integrator : an automatic integrator of web search interfaces for e-commerce,"h he , w meng , c yu , z wu",vldb,2003,wise-integrator : a system for extracting and integrating complex web search interfaces of the deep,"h he , w meng , c yu , z wu","proceedings of the 31st international conference on very & hellip ; ,",2005.0,0.04,flag-review
0,peer-to-peer : harnessing the power of disruptive technologies,m nascimento,sigmod record,2003,peer-to-peer : harnessing the power of disruptive technologies oâ ?? reilly,a oram,,2001.0,0.04,flag-review
0,secure bufering in firm real-time database systems,"b george , j haritsa",vldb j.,2000,value-based scheduling in real-time database systems,"jr haritsa , mj canrey , m livny","the vldb journal the international journal on very large & hellip ; ,",1993.0,0.04,flag-review
0,changing the rules : transformations for rule-based optimizers,"m cherniack , s zdonik",sigmod conference,1998,rule languages and internal algebras for rule-based optimizers,"m cherniack , sb zdonik","sigmod conference ,",1996.0,0.04,flag-review
0,engineering federated information systems : report of efis '99 workshop,"s conrad , w hasselbring , u hohenstein , r kutsche , m roantree , g saake , f saltor",sigmod record,1999,research issues in federated database systems : report of efdbs '97 workshop,"s conrad , b eaglestone , w hasselbring , m roantree ,","acm sigmod record ,",1997.0,0.04,flag-review
